Feature,marginal_data,marginal_model,marginal_gen
l1,0.0,0.0,0.0
l2,0.0,0.0,0.0
l3,0.0,1.1253530813046487e-07,4.022226825437367e-06
l4,0.0,3.013430814763371e-06,3.4188928016217615e-05
l5,2.0012207446542392e-06,7.141866071426622e-06,0.00014077793889030784
l6,7.904821941384245e-05,5.556798222069247e-05,0.0005621061988548721
l7,0.0020332402765687067,0.0019921730496869385,0.001636040761246649
l8,0.004113509240636789,0.0034901836590992105,0.003954854526111291
l9,0.005838561522528742,0.00537663830935817,0.008358187343258848
l10,0.012156415413402176,0.01079034352820929,0.015690706846031167
l11,0.02513333133211259,0.022419147717474316,0.026287263417645913
l12,0.04103202953801819,0.039689964873327294,0.040421368482232815
l13,0.06855581904962027,0.06601373418373453,0.05619553653489181
l14,0.09231331111978307,0.09667022716722627,0.071796748834057
l15,0.10922562763285604,0.10269470589752935,0.0848478693258949
l16,0.12144107905822552,0.12666797379737993,0.09322616780328093
l17,0.1141496312750778,0.11335023793141374,0.09540520918596163
l18,0.09828895626332063,0.09567528787751522,0.09302505646200906
l19,0.08423438297361391,0.08243193891939507,0.08616514861122564
l20,0.06811154804430702,0.07239567137666955,0.07549015861651485
l21,0.05110217232511832,0.05468973839668504,0.06377240631730945
l22,0.03721069852610092,0.040059071485533525,0.05087312488813182
l23,0.02541750467785349,0.027365807376135705,0.03935950060031736
l24,0.01644202963807923,0.01601967161808298,0.029869056405697886
l25,0.010005103112898869,0.01006016322297697,0.0217491860018462
l26,0.0060777074015149245,0.005449458187974448,0.015570040041268047
l27,0.003516144848357498,0.0033334015511370676,0.010663928870940819
l28,0.0019401835119422848,0.001735207535047624,0.007152524852333998
l29,0.0010576451635497654,0.000982167679444427,0.0047009776022299225
l30,0.0005223186143547564,0.0005514952129166564,0.003047842376975165
aA-25,0.006251813606299843,0.00555847924547682,0.016123096229765686
aA-24,0.010394340547734119,0.010355667957454203,0.022908592884278524
aA-23,0.017144458119452866,0.016566104106608324,0.031642858435715765
aA-22,0.02667827374698566,0.02834944405076413,0.042137853779988216
aA-21,0.039276958944956426,0.04186790514634464,0.055089424157896534
aA-20,0.05467835379581545,0.05796532050955013,0.06964586303915436
aA-19,0.07348882818519296,0.07790791037810056,0.08397102387794955
aA-18,0.09233532454797426,0.09073158647906318,0.09758425056864231
aA-17,0.10944075886290637,0.10695199393527559,0.10844325744061685
aA-16,0.12978516895306136,0.12826936249201512,0.11590448820180316
aA-15,0.14214170644092897,0.14767843498141728,0.11966325917017438
aA-14,0.1375088804170544,0.13243539305191,0.1186094357419098
aA-13,0.12903270995307137,0.13369620597793583,0.11447760323547926
aA-12,0.11229349903441099,0.11162121970717297,0.10835175178033815
aA-11,0.09585947427931038,0.09826275320525069,0.10499822016462974
aA-10,0.08976675772221054,0.09112282851576617,0.10253762290416843
aA-9,0.0866838771650707,0.09003315821726122,0.1002580258508518
aA-8,0.08045407698696205,0.08677813237564588,0.09513974221548276
aA-7,0.06935630734748197,0.07328481042983617,0.08974694159927761
aA-6,0.051279280361020224,0.052189014350374784,0.06652763169273405
aA-5,0.19184502546553397,0.20470842999408154,0.13409601457655002
aA-4,0.014257697195289127,0.013005531813227283,0.027180197772893006
aA-3,0.006783137714005544,0.005624582039660279,0.013196926214260002
aA-2,0.002050250652898268,0.002003625510045282,0.004266577105082687
aA-1,0.0,2.6702432054659242e-06,3.8211154841654984e-05
aA0,0.0,0.0,0.0
aA1,0.9705240196519878,0.9675057909155999,0.9516608780118937
aA2,0.01031028927645864,0.009964946495741948,0.012365330818100826
aA3,0.08227919030608671,0.08178558937369654,0.08660658800531738
aA4,0.05122124495942525,0.05100432812867054,0.05382946160482828
aA5,0.06190876434625121,0.06249179204032079,0.06279500519872817
aA6,0.07282842533945708,0.07365453839792653,0.07320251710954735
aA7,0.08325878786059496,0.08418890300340034,0.08189555483602387
aA8,0.08205905602417475,0.08615307866624947,0.08305194504833711
aA9,0.07291247661073255,0.08001638609427597,0.08070598125240076
aA10,0.061324407888812174,0.06595157434728656,0.07791153916542816
aA11,0.05478341788490979,0.06350902739775718,0.07091688671599257
aA12,0.04732386755921112,0.05143189978306738,0.05948169585127414
aA13,0.03600996607930838,0.03714940130632891,0.04779008802643407
aA14,0.027622849938462462,0.03003497948713273,0.03672896425648132
aA15,0.021149901439878327,0.024438522515366948,0.027673926115715442
aA16,0.015681565755110618,0.017174200862376497,0.020250906509370784
aA17,0.0103272996527882,0.0109490726775669,0.014294994137604402
aA18,0.006399903941404257,0.007175000229143926,0.009775016742519162
aA19,0.0037202693643122306,0.0037596785878167786,0.006737229932607589
aA20,0.0019982189135372575,0.002298070340201864,0.004227360393534672
aA21,0.0011436976555698976,0.0011153224457556919,0.002766286499194549
aA22,0.000577352184832748,0.000573666914746287,0.0016460963283102424
aA23,0.0002821721249962477,0.00025368587325392324,0.00096231776798589
aA24,0.00015209277659372218,0.00015169079030748957,0.0005872451165138555
aC-25,0.010027116541090064,0.010079957196642054,0.022001580735142398
aC-24,0.01650806992265282,0.016075722465338404,0.030288373552249732
aC-23,0.0255395791432774,0.02747697552131819,0.04003925693381627
aC-22,0.03743783708061918,0.04024354447002235,0.05212202631743012
aC-21,0.051562453096388794,0.055195546334405224,0.06575737525566279
aC-20,0.06906012667727314,0.07356072275243512,0.0785460454471409
aC-19,0.08586437727013478,0.08397438670416253,0.09076657609952599
aC-18,0.10079348402525541,0.09861154905755648,0.09934799703159661
aC-17,0.11793193848247431,0.11773838048735445,0.1040248412728739
aC-16,0.12639710223236175,0.13257995983361578,0.10460806416256233
aC-15,0.11685928416333964,0.11194428839487128,0.09963156402278994
aC-14,0.10401745064489339,0.11156668587757612,0.08999129187892292
aC-13,0.0814116611132791,0.08110483792904714,0.07742887194637567
aC-12,0.05325648645673861,0.05323656581294833,0.06338828365548019
aC-11,0.03635517665776124,0.03503501210073914,0.0496493623764925
aC-10,0.022362641211138793,0.022426593379568836,0.039664184282344236
aC-9,0.017123445301633997,0.019641006454923775,0.032256248026594964
aC-8,0.0144227979067231,0.015738479285971038,0.027564320434722275
aC-7,0.01087963657831277,0.011816731760919423,0.0248704340183856
aC-6,0.009105554388176788,0.010537354691228438,0.020235823158775392
aC-5,0.007729715126226998,0.007595758943596549,0.016469007736753298
aC-4,0.0037222705850568846,0.0038322355268089175,0.010542256509471338
aC-3,0.0007564614414793024,0.0007349574048265857,0.00635511838419104
aC-2,0.0010086152553057364,0.0007599477038699572,0.0023369137855791104
aC-1,0.0,0.0,0.0
aC0,1.0,0.9990796416024109,1.0
aC1,0.00014108606249812385,0.00010460218473032888,0.0003006614552014432
aC2,0.0010646494361560553,0.0010861931682447934,0.002036252330377667
aC3,0.004197560511912266,0.005148620401408752,0.010695101128837958
aC4,0.004858963968020493,0.005734670768431852,0.021761252682322513
aC5,0.01143597594532665,0.01371856800031503,0.025882024064983095
aC6,0.011448983880166902,0.013066486825460901,0.026909703018882344
aC7,0.014276708792363342,0.01618984280872161,0.026391841315107283
aC8,0.010972693342939193,0.012313824045738,0.024834233976956662
aC9,0.009863016440028417,0.011375712298137537,0.02494987299818799
aC10,0.014980137884109306,0.017810435946683034,0.02549387917632839
aC11,0.014112608691301693,0.01574907416154661,0.02531388452589007
aC12,0.015205275217882909,0.01755441610538933,0.021838680548712183
aC13,0.009726933429391928,0.010807474006834454,0.01695569718263122
aC14,0.0053282502326419115,0.006251660081062149,0.012420636436950589
aC15,0.0028087133151222248,0.003369369721566609,0.008729237767905445
aC16,0.0013118001981208538,0.0015119055856523506,0.005654245359858578
aC17,0.000711433974724582,0.0009414662169048276,0.0035938596685282874
aC18,0.00038623560371826816,0.0003906062125092045,0.0021730080424425375
aC19,0.0002101281781886951,0.00023351851774505112,0.0014218571827921093
aC20,0.00010406347872202044,0.00014330106508839887,0.0008366231796909723
aC21,7.10433364352255e-05,6.435310550435293e-05,0.00045250051786170376
aC22,2.5015259308177988e-05,2.3603382212977198e-05,0.0002483725064707574
aC23,1.3007934840252554e-05,1.1975495080114718e-05,0.0001427890523030265
aC24,6.003662233962718e-06,1.586431357303387e-05,6.938341273879458e-05
aD-25,0.0006624040664805532,0.0006418263400749011,0.0024917695183584486
aD-24,0.001188725122324618,0.001070313168336451,0.003739665390950392
aD-23,0.0021052842233762596,0.0018826609694858852,0.005526539658150942
aD-22,0.003608201002611593,0.003785349678844482,0.007850381206547382
aD-21,0.006161758672790402,0.0057943610941159325,0.010831856840902829
aD-20,0.009475780225937822,0.0093203958511031,0.014756544665823339
aD-19,0.014032559861515524,0.01434676486118388,0.019176971946979007
aD-18,0.020274367364092095,0.02093212639307383,0.024164533210521342
aD-17,0.02762084871771781,0.030465003224018666,0.029568394950496443
aD-16,0.03620308388116751,0.03621804339408856,0.034740978648008895
aD-15,0.04578893124806132,0.04462506125053515,0.03898945573237712
aD-14,0.05493751188224817,0.053105202086029306,0.041612953179268636
aD-13,0.059579343399473676,0.058274519321512834,0.043268099517936115
aD-12,0.06234402985821351,0.058654019247507835,0.04261147098868347
aD-11,0.06077507279440459,0.06050473229490964,0.041047830310294686
aD-10,0.0594362561162309,0.05658491627735639,0.039345422806428325
aD-9,0.05938022193538058,0.059958157349181584,0.03412859461383606
aD-8,0.04413692352334924,0.04245075515168891,0.029117905546047457
aD-7,0.043211358928946654,0.043962644350974196,0.028893666400529323
aD-6,0.11191526831367134,0.12012550249201899,0.07394763462895963
aD-5,0.025744704269604457,0.025973627692186526,0.024584855913779544
aD-4,0.0071873843044257,0.007111303673509332,0.01101486816146023
aD-3,0.8580574150231641,0.8780416976960681,0.7795055476563489
aD-2,0.009776963948008284,0.009698332536623746,0.009565860947596417
aD-1,0.0,0.0,0.0
aD0,0.0,0.0,0.0
aD1,8.305066090315092e-05,9.860982408458638e-05,0.0017305630916444271
aD2,0.0005333253284503547,0.0005042442236514067,0.003524476255789493
aD3,0.25978947157766236,0.2559848998759858,0.22853790043781938
aD4,0.04311530033320325,0.04303824562463616,0.036344841594652046
aD5,0.058482674431403155,0.0566134077178972,0.04059130756560755
aD6,0.06412311510021113,0.0631945485762815,0.04169239215907103
aD7,0.06563703859354206,0.06504099396961081,0.04490916806271456
aD8,0.07555909104553778,0.07261775912468087,0.048695089062157484
aD9,0.0783638019191707,0.07461471206816918,0.05486719612579112
aD10,0.09618567326068903,0.09818305597784854,0.06395843430798594
aD11,0.11121484105304236,0.11740166015623105,0.07401902915511115
aD12,0.11747265832157616,0.11463939680977339,0.08365930129897815
aD13,0.1257356987762535,0.1353566386365854,0.09054233695400785
aD14,0.11794394580694223,0.12196210924534878,0.09228094449930314
aD15,0.10111568056514474,0.1017181163079283,0.09043373682972104
aD16,0.08630364522358638,0.0865094762773719,0.08344310660711089
aD17,0.0690881437676983,0.07540188207424282,0.07341871180141461
aD18,0.051470396942134705,0.05558940109682589,0.06231133242296933
aD19,0.03729775162849338,0.04065126304617,0.04967852352097692
aD20,0.025296430822801908,0.027346330142421313,0.03844243288411763
aD21,0.01637999179499495,0.016038532042419704,0.029106844422277504
aD22,0.009960075646144147,0.009995369443781125,0.02111065749330802
aD23,0.006035681765877185,0.0054499980856176754,0.01516882291543067
aD24,0.0034731186023474318,0.003327158061128131,0.010322039590778643
aE-25,0.00022413672340127478,0.0002530066204514688,0.0009070121491361262
aE-24,0.0004422697845685868,0.0004923792625498612,0.0015012961625944972
aE-23,0.0007664675452025736,0.0007310496351567985,0.002335908228872751
aE-22,0.0013348142366843775,0.001516896607847886,0.0033977761107882158
aE-21,0.0021733257286945034,0.0022008864911677987,0.004677849797983658
aE-20,0.0034691161608581236,0.003671111884044153,0.0064989129932004255
aE-19,0.005348262440088454,0.0058766180046602775,0.00829483727075821
aE-18,0.007802759683406878,0.008183783631053933,0.010909284707292499
aE-17,0.010687519386825963,0.011553304902836185,0.013337704153150309
aE-16,0.013474219273756992,0.014079457559829114,0.01590287931107299
aE-15,0.01644202963807923,0.015137393243178494,0.01796225944569692
aE-14,0.019128668487777545,0.01800336694870687,0.02016744530274296
aE-13,0.022951000110067142,0.02317945999433178,0.021638574764146674
aE-12,0.02574070182811515,0.025193912441220337,0.022581786954711736
aE-11,0.027197590530223435,0.028582191840943755,0.02305138193658155
aE-10,0.027575821250963087,0.027623394246659154,0.02330679333999682
aE-9,0.027246620438467466,0.0289348885958002,0.022630053676616985
aE-8,0.027274637528892625,0.027985396184756053,0.022678320398522234
aE-7,0.030928866608631266,0.032207485169417134,0.022798987203285354
aE-6,0.025029267853390567,0.024773374232331474,0.024725633852669855
aE-5,0.01648005283222766,0.01602190698376371,0.014272871890064497
aE-4,0.008192997728614454,0.007042165707382091,0.00795697021742147
aE-3,0.004649836400204124,0.004976095257045654,0.0038613377524198723
aE-2,0.0008725322446692483,0.0004228798491583119,0.0011573957690196024
aE-1,0.0,7.850588286907218e-06,2.916114448442091e-05
aE0,0.0,0.0,0.0
aE1,0.00043126307047298854,0.0005033767407451799,0.001971896701170669
aE2,0.0009485786329661094,0.0008912709858251809,0.0034772150905906037
aE3,0.08761144298021793,0.08730624850510867,0.0808708925522437
aE4,0.03445601817108436,0.03356726038625761,0.03232864810945284
aE5,0.03488027696895106,0.035193609401409136,0.02864227722393949
aE6,0.02725962837330772,0.027991800696869112,0.023360087845433867
aE7,0.02169323287205195,0.02293181330245233,0.019930133920042153
aE8,0.020709632876054394,0.02133495747476701,0.019023121770906027
aE9,0.019478882118092036,0.020042276569395837,0.018718438088879148
aE10,0.01855731996517876,0.01890538019269234,0.017589197907637605
aE11,0.01597574520457479,0.0159106282069238,0.01565450680460223
aE12,0.01291888051711544,0.012966228780302526,0.013317593019023122
aE13,0.009765957233912687,0.010278594064284836,0.01109028491443718
aE14,0.007426530183411881,0.007362732301020143,0.00905604369747223
aE15,0.005350263660833108,0.0052631476571209585,0.006957446851300285
aE16,0.003465113719368815,0.0036027991088410853,0.005171578140806095
aE17,0.002135302534546073,0.0022633374934675795,0.003695420895870581
aE18,0.0012337525890793383,0.001238063533717959,0.0024676361574058245
aE19,0.0006473949108956464,0.0006071113952098396,0.0016481074417229612
aE20,0.0003271995917509681,0.0003485464574821869,0.0010457789746137155
aE21,0.00015209277659372218,0.00015325707362601665,0.0006294784981809479
aE22,9.70592061157306e-05,8.978727500157854e-05,0.0004052393526628147
aE23,3.8023194148430546e-05,4.075203946410504e-05,0.00021317802174818044
aE24,1.0006103723271195e-05,1.2127076375391404e-05,0.00011865569135040232
aF-25,5.303234973333734e-05,5.82108759031726e-05,0.0002865836613124124
aF-24,0.0001380842313811425,0.00011827600421431445,0.0005128339202432643
aF-23,0.00023314221675221886,0.000208932431542464,0.0008848899015962207
aF-22,0.00037422827925034273,0.00027751375846359457,0.0014248738529111873
aF-21,0.0006153753789811785,0.00067161277720838,0.0021559135784344286
aF-20,0.001155704980037823,0.001124024080262352,0.0031705202951510044
aF-19,0.0018871511622089476,0.0018687342624194067,0.004468694003060915
aF-18,0.0028987682486316655,0.002913481667128026,0.006100712537482126
aF-17,0.004579793674141226,0.004279631086038428,0.008442654106593034
aF-16,0.006278830086352675,0.006214081689591405,0.011076207120548149
aF-15,0.008634266902810715,0.008741580112499241,0.013561943298668442
aF-14,0.01208136963547764,0.011587572679846217,0.01635940205576013
aF-13,0.016244909394730785,0.01574127235644533,0.018905471636261984
aF-12,0.02002621599175497,0.019205316255474964,0.02155209688739977
aF-11,0.02300003001831117,0.021995076873058822,0.023500865784324174
aF-10,0.021240956983760093,0.021817663097614633,0.023776388321866637
aF-9,0.01941584366463543,0.018693716068512917,0.022097108622246533
aF-8,0.017644763305616425,0.016340670129835616,0.020181523096631987
aF-7,0.018747435935920913,0.019565787536393875,0.01971896701170669
aF-6,0.013297111237855092,0.012268566604840644,0.016570568964095592
aF-5,0.013822431683326829,0.012604973227017664,0.014460910994153694
aF-4,0.5569027106534986,0.5970811767939714,0.4781643361214069
aF-3,0.0031269074135222485,0.0024390804277843094,0.006312885002523947
aF-2,0.002134301924173746,0.0016224462182231932,0.003618998586187271
aF-1,0.0,0.0,0.0
aF0,0.0,0.0,0.0
aF1,0.00017510681515724592,0.0001531931383787924,0.00044646717762354774
aF2,0.0009445761914768008,0.0008284918773085341,0.0026456196944314283
aF3,0.009995097009175597,0.011467460040936501,0.013404070895770025
aF4,0.02285794334544072,0.02287869495186959,0.0247196005124317
aF5,0.021086862986421716,0.020702133785814588,0.025852862920498675
aF6,0.025144338046208185,0.024221576866172382,0.028293349046832797
aF7,0.033444401084661644,0.030980113313974995,0.03353229948696497
aF8,0.038894725782727464,0.038480606276516435,0.03925190603273691
aF9,0.054435205475339955,0.0551875929790883,0.04402830038794378
aF10,0.06487957654169044,0.06749121542206031,0.04975494583066023
aF11,0.07219503897377401,0.07109077552391758,0.05464396253697935
aF12,0.082072063959015,0.08923975646632035,0.05965364604806159
aF13,0.07960255756011167,0.08403672233886066,0.060987014240694075
aF14,0.06753719769059126,0.06802589670686474,0.05963655158405348
aF15,0.05711383944205966,0.05974341675562462,0.0551397019932145
aF16,0.04510151192227259,0.05277521664648906,0.04793689930556254
aF17,0.033151222245569795,0.03749661194337909,0.039957806840601164
aF18,0.022943995837460852,0.026461389030227985,0.030599090574514768
aF19,0.014442810114169643,0.01670880985166604,0.02242391455181332
aF20,0.008595243098289957,0.009094407200541138,0.016057735043852328
aF21,0.004652838231321106,0.00519321973549468,0.010610634365503774
aF22,0.0026065900199121464,0.002682839477756987,0.00730235280158154
aF23,0.00134782217152463,0.0013850243352364969,0.0046124886120703
aF24,0.0007414522858943956,0.0007165386072901327,0.0029151088917357317
aG-25,0.000568346691481804,0.0005204946217586682,0.0021830636095061307
aG-24,0.0011336915518466264,0.0010204337300186495,0.003598887452060084
aG-23,0.0020612573669938662,0.0018576568888447789,0.005680389834223922
aG-22,0.0035771820810694523,0.0033512579552951597,0.008583432045483341
aG-21,0.005993656130239446,0.005803132820597328,0.012550353252070944
aG-20,0.009831997518486277,0.010371652716449109,0.017212114142752852
aG-19,0.015161248361500516,0.016039427704194153,0.02363058259944453
aG-18,0.021932378751038133,0.02396962917917299,0.030819307493207465
aG-17,0.03141916569107155,0.03262350869738201,0.039389667301508134
aG-16,0.04283212759783468,0.04326532543675075,0.04901887832160519
aG-15,0.055707981868940055,0.05681713364178126,0.058194583267134184
aG-14,0.07200492300303185,0.07322840950158262,0.06783988319453299
aG-13,0.08686698886320655,0.08976362918974513,0.07783008907221305
aG-12,0.11011517025385485,0.10940541006627084,0.08742310005088116
aG-11,0.1263590790382133,0.12448882718464606,0.09576620404354463
aG-10,0.14195058985981449,0.1401238143438569,0.10160144961054789
aG-9,0.14606710093156824,0.14484799828595493,0.1048483922153822
aG-8,0.14342548954862466,0.14009814779933566,0.10658197197714571
aG-7,0.13291107575621128,0.1311835518986502,0.10673984438004412
aG-6,0.16030178408829385,0.16453489263067314,0.08826374545739758
aG-5,0.1348852800208127,0.11912627736220957,0.11959789798426103
aG-4,0.031132991124585997,0.027719959013062317,0.04381813903631467
aG-3,0.04027356687579423,0.0343444886981851,0.024645189316161106
aG-2,0.003726273026546193,0.0029112036779491476,0.008625665427150432
aG-1,5.403296010566445e-05,6.717781800609213e-05,0.006136912578911063
aG0,0.0,0.0,0.0
aG1,0.0013868459760453878,0.0013889380248365828,0.005813123319463354
aG2,0.009969081139495092,0.009977797196277364,0.012081763826907491
aG3,0.17276038383413883,0.17111314191094298,0.1558633005991107
aG4,0.14636428221214942,0.14841747870101143,0.11213063388283656
aG5,0.15707581624791123,0.1565637271324061,0.11001695368606922
aG6,0.142404866968851,0.13850116012296274,0.10358641854890123
aG7,0.14037662974414392,0.138518291359339,0.10322240702119914
aG8,0.13495632335724791,0.1316854498408068,0.10405098574723924
aG9,0.12394260498904332,0.12107195177473304,0.10295191226718849
aG10,0.11926575210878636,0.11737727875753846,0.09560531497052713
aG11,0.10037322766887802,0.10039354923718592,0.08424956308561109
aG12,0.07752629103753289,0.07368851595627361,0.07021601369166011
aG13,0.05730595663354646,0.056749087594957726,0.057675716006652764
aG14,0.04246690481193528,0.04105897252930472,0.04634208636927662
aG15,0.03183742082670429,0.030328680774043815,0.036090435747943135
aG16,0.022722860945176556,0.022822351612697977,0.027414492485474732
aG17,0.015273316723201152,0.014852724349119708,0.020555590191397664
aG18,0.009919050620878736,0.009878643952191023,0.014844028099276603
aG19,0.006059696414813036,0.005563925202475937,0.010572423210662119
aG20,0.003799317583726073,0.003587692962221368,0.0072118526980091986
aG21,0.0022903971422567767,0.002023759335068943,0.004814605510048528
aG22,0.0013578282752479012,0.0012095495500825694,0.003078009078165945
aG23,0.0006764126116931328,0.0005354112832493898,0.001971896701170669
aG24,0.00037923133111197833,0.00035399073322109966,0.0011956069238612573
aH-25,0.0001180720239346001,9.88136828043469e-05,0.00039719489901194
aH-24,0.00022713855451825615,0.00021476349184736219,0.0007742786638966931
aH-23,0.0004052472007924834,0.0003602100225549761,0.0011865569135040231
aH-22,0.0007424528962667227,0.0006660391391525836,0.0016883297099773347
aH-21,0.0011757171874843654,0.0010981010370011428,0.0023580304764126564
aH-20,0.0018491279680605168,0.0019306160042216797,0.003313309347454031
aH-19,0.00288676092416374,0.003045363316909008,0.004507910714608929
aH-18,0.0041225147339877324,0.004486758933388127,0.005716589875652858
aH-17,0.00554438207306457,0.005824094109798398,0.007110291470666905
aH-16,0.007474559481283583,0.007817458723055826,0.008415504075521331
aH-15,0.008961466494561683,0.00884644983071962,0.009709655556605804
aH-14,0.010167201993215861,0.010140259027446252,0.010643817736813633
aH-13,0.011194828845595814,0.011770521069165674,0.010946490305427794
aH-12,0.011987312260478892,0.012516123882092865,0.010958556985904106
aH-11,0.012521638199301573,0.012430851122257232,0.011497535380512713
aH-10,0.011236854481233552,0.010849739846475024,0.012652920036119597
aH-9,0.01044236984560582,0.01082133327405497,0.011824341310079499
aH-8,0.010761564554378171,0.010834364319347001,0.010803701253124768
aH-7,0.018939553127407718,0.020731149590101524,0.015555962247379016
aH-6,0.01712544652237865,0.019152338846592773,0.02407202199353628
aH-5,0.01702138304365663,0.017763829708866457,0.017758131434305977
aH-4,0.005065089704719879,0.005202105124637806,0.006970519088482957
aH-3,0.004114509851009115,0.003402425475727038,0.010912301377411577
aH-2,0.02038843694653739,0.019790488010122873,0.02688556965792972
aH-1,0.0,0.0,0.0
aH0,0.0,0.0,0.0
aH1,0.0001641001010616476,0.00015733366786805777,0.00035998930087664436
aH2,0.0066400504307627655,0.008221211987811191,0.01079967902629933
aH3,0.028328280250953082,0.02736541031457072,0.021473663464303742
aH4,0.023589389527611842,0.023994612232221678,0.02386186064190718
aH5,0.016725202373447802,0.016544685514631553,0.01776517033125049
aH6,0.011487007074315332,0.012913516584297709,0.013981260445220287
aH7,0.009381722850939073,0.009662135525368584,0.011261229554518267
aH8,0.009219623970622079,0.009483113802136426,0.010374328539509328
aH9,0.010816598124856162,0.011074332719550918,0.010620689932567368
aH10,0.011433974724581995,0.011732939646690617,0.011760991237578861
aH11,0.011941284183351844,0.011245430639758202,0.012360303034569028
aH12,0.011493010736549295,0.012009736264797847,0.013147653935648393
aH13,0.01058845895996558,0.01048811981492154,0.013131565028346644
aH14,0.009457769239235934,0.010370252392456572,0.012253714023694939
aH15,0.007156365382883559,0.007810438159316182,0.01093744029507056
aH16,0.005390288075726193,0.005873448331900112,0.008789571170287006
aH17,0.003707261429471978,0.003976548840779064,0.0070821358828888435
aH18,0.0026826364082090074,0.0026145274603049974,0.0053314616571172296
aH19,0.0017280541130089355,0.001774918995803538,0.00391061003103148
aH20,0.0011286884999849908,0.0011538741684864007,0.0027703087260199863
aH21,0.0007084321436076007,0.0006785553873058533,0.0018964799481937184
aH22,0.0004152533045157546,0.0003375696516834707,0.0012659958933064113
aH23,0.00017710803590190017,0.000223042490690149,0.0008054509217938328
aH24,9.906042686038484e-05,7.959866056267054e-05,0.0005047894665923896
aI-25,9.505798537107635e-05,9.094645655333563e-05,0.0004927227861160774
aI-24,0.00017510681515724592,0.00018150280153985808,0.0009130454893742823
aI-23,0.00035021363031449183,0.00027396549432097693,0.0016058740600558687
aI-22,0.0006033680545132531,0.00046397501074248545,0.002555119590859087
aI-21,0.0011517025385485147,0.0009967008715301305,0.004130826949724176
aI-20,0.0018010986701888151,0.001765174127499948,0.006350090600659243
aI-19,0.0029928256236304144,0.0030534545829221673,0.00972876113402663
aI-18,0.004853960916158857,0.005065496244755392,0.013565965525493879
aI-17,0.0075065790131980505,0.008068146270012145,0.018305154282565458
aI-16,0.010793584086292638,0.011647241788500106,0.023971466322900346
aI-15,0.015383383864157135,0.017549990839092564,0.03081327415296931
aI-14,0.02077967560211729,0.02297983653478516,0.037694298694586285
aI-13,0.024012647715106215,0.02535572866847059,0.04354663872559765
aI-12,0.02923583385865378,0.030675645899744655,0.04825465522477209
aI-11,0.032383754089994894,0.03233172300519664,0.04902893388866878
aI-10,0.029386926024875176,0.031175413045869325,0.04696553152721941
aI-9,0.027131550245649845,0.028922131098647403,0.042744204473922895
aI-8,0.024026656260318795,0.026589606574670268,0.039040739124401445
aI-7,0.020709632876054394,0.02246343826799587,0.0348646621228911
aI-6,0.011450985100911555,0.012075640149323275,0.02789313747770178
aI-5,0.011802199341598376,0.01157329286077729,0.02185979723954573
aI-4,0.02673030548634667,0.023618405492412595,0.02781973183813755
aI-3,0.002634607110337306,0.0020301818437701074,0.007566814215354046
aI-2,0.16205285223986632,0.17389159082043126,0.10012127013878694
aI-1,0.0,0.0,0.0
aI0,0.0,0.0,0.0
aI1,0.00023914587898618157,0.00040445588944263854,0.0007481341895313503
aI2,0.0071523629413942505,0.007289455498503702,0.010677001108123491
aI3,0.013107995877485266,0.01481337888213457,0.021479696804541898
aI4,0.038126257016780234,0.0376280666004275,0.052680110289459556
aI5,0.04096698986381693,0.04296170367272369,0.06341543368655189
aI6,0.04117711804200563,0.0431957214537104,0.06421786793822665
aI7,0.03417784848757742,0.037670797699230096,0.05792006628629808
aI8,0.02752979317383604,0.030383426773942557,0.05012599625530682
aI9,0.025739701217742824,0.026209730804140477,0.04274118780380382
aI10,0.024306827164570388,0.025067752948706484,0.038729016545430046
aI11,0.026820360419856113,0.027824965126476777,0.03689488111303061
aI12,0.027444741292188234,0.029255747681354444,0.035521290652143746
aI13,0.025463532754980537,0.024883442122948397,0.032422164883144255
aI14,0.02659522308608251,0.030054126341377017,0.027855931879566486
aI15,0.02628303264991645,0.02702504368525896,0.02317405985475739
aI16,0.02102382453296511,0.019893880113740738,0.019647572485555178
aI17,0.017322566765727094,0.01868344399489666,0.01581036809408793
aI18,0.014253694753799818,0.016433752272283313,0.01258755885020624
aI19,0.011334914297721611,0.012582847653284919,0.009987189207560983
aI20,0.007773741982609392,0.008247306661691616,0.007519553050155158
aI21,0.00491900059036012,0.005726147584304111,0.005398833956443306
aI22,0.0029357908324077688,0.0029825868605211346,0.003942787845634979
aI23,0.0015589509600856522,0.0018680699041615833,0.002500819528715683
aI24,0.00092056154254095,0.0009235926686285913,0.0017647520196606447
aK-25,0.0004082490319094648,0.0003222442071657743,0.0015264350802534808
aK-24,0.0007164370265862176,0.0005894588260917872,0.002257474805776722
aK-23,0.001196730005303235,0.0011587568322777516,0.0033062704505095156
aK-22,0.0020902750677913528,0.002098656777703913,0.004648688653499237
aK-21,0.0032519837100631385,0.003231581402130956,0.006288751641571323
aK-20,0.004921001811104774,0.005327400023171422,0.008025348073453906
aK-19,0.007078317773842044,0.007332090362919362,0.01021746169331727
aK-18,0.010197220304385675,0.010655948039226336,0.012381419725402574
aK-17,0.014362761284383473,0.015496546037221315,0.014549399984313316
aK-16,0.01821411060747056,0.01894972378578937,0.01596421827016091
aK-15,0.022595783427891012,0.02333045402068299,0.016992902780766515
aK-14,0.02317113439197911,0.02471633982417653,0.01728954200914252
aK-13,0.020196319755050582,0.01896261616263409,0.01681592480044727
aK-12,0.015990754360159697,0.0169396435626221,0.015975279393930862
aK-11,0.013618307167372097,0.013448306985257388,0.0144508554270901
aK-10,0.011525030268463764,0.012624917235396233,0.012783642407946312
aK-9,0.01067150962086873,0.01049962550729313,0.0114854687000364
aK-8,0.011200832507829776,0.01170258868500387,0.01177909125829333
aK-7,0.012080369025105314,0.014015694322099639,0.01287715918163773
aK-6,0.008336085011857232,0.00788840165225137,0.010575439880781197
aK-5,0.004261599575741202,0.0038950735504718957,0.009436144132476064
aK-4,0.00220234342949199,0.0016047586031177734,0.005635139782437751
aK-3,0.0011737159667397112,0.0008683859560742975,0.0029020366545530604
aK-2,0.0003021843324427901,0.00022500857058145766,0.000921089943025157
aK-1,0.0,9.319612145570476e-08,2.7150031071702227e-05
aK0,0.0,0.0,0.0
aK1,8.305066090315092e-05,9.296397471900832e-05,0.010012328125219965
aK2,0.1128878615955733,0.11736525173242507,0.09241669465466167
aK3,0.006489958874913698,0.0065930011782604925,0.012763531273819125
aK4,0.023675442019631975,0.023574075538834973,0.022274086602565777
aK5,0.015793634116811256,0.016092174756748567,0.017581153453986732
aK6,0.01016820260358819,0.011208866876981185,0.012342203013854561
aK7,0.00753459610362321,0.007393888752103031,0.009150566027870009
aK8,0.00660703028847597,0.00650495883823399,0.007726697731665182
aK9,0.0067901419866118334,0.006726617699135043,0.0073787751112648495
aK10,0.006675071793794215,0.006821185033696039,0.007349613966780429
aK11,0.005835559691411761,0.005746046127617987,0.007468269658130831
aK12,0.004985040874933709,0.005139254598082038,0.007349613966780429
aK13,0.004105504357658172,0.00425259225431455,0.006785496654512838
aK14,0.0030878836090014908,0.0031537673755959437,0.005794017742042527
aK15,0.0023644423098089836,0.002391122551481972,0.004675838684570939
aK16,0.0012927886010466385,0.0014114806458189987,0.003507381791781384
aK17,0.0008044907393510041,0.0008948673671612651,0.0024052916416115455
aK18,0.0004292618497283343,0.0003947847834705683,0.0015928018228731973
aK19,0.0002551556449434155,0.00023564971633224666,0.001032706737431044
aK20,0.0001330811795195069,0.00012500412339721097,0.0006666840963162436
aK21,8.104944015849669e-05,6.36323303107845e-05,0.00038211154841654983
aK22,3.201953191446783e-05,2.0441719118505713e-05,0.00022826137234357058
aK23,1.701037632956103e-05,9.303544159755486e-06,9.955011392957483e-05
aK24,4.0024414893084784e-06,3.6955286987197486e-06,6.536118591335722e-05
aL-25,0.00020912756781636799,0.0002068278963213331,0.0010166178301292946
aL-24,0.00046328260238745635,0.00042172498915567274,0.001815029854978612
aL-23,0.0008505188164780516,0.0008118672922469625,0.0029774534075300107
aL-22,0.0013688349893434995,0.0013122500164037953,0.004607460828538504
aL-21,0.0023734478031599278,0.002547821306825511,0.00685890229407707
aL-20,0.003995437216702188,0.004061075973553736,0.009646305484105165
aL-19,0.006319855111618087,0.006854779169997538,0.013300498555015012
aL-18,0.009248641671419566,0.009826419747880576,0.017805392599504862
aL-17,0.013611302894765807,0.015127457611040963,0.022937754028762945
aL-16,0.01846626442129699,0.020178455046665825,0.028009782055639462
aL-15,0.02357738220314392,0.024816638787893128,0.03397373888105672
aL-14,0.028824582995627332,0.029114499849371207,0.03944095069353246
aL-13,0.03753889872822422,0.03705433082505198,0.04421231726520754
aL-12,0.04092496422817919,0.04061186302110723,0.04878056138219802
aL-11,0.0423238175286925,0.04377146375394103,0.05138595880837508
aL-10,0.0455117621749267,0.047065822938524245,0.053092388539066886
aL-9,0.04556179269354306,0.047495082862323346,0.05495769622936346
aL-8,0.048165380882338224,0.05283673391002272,0.05822676108173768
aL-7,0.058846896606930224,0.06027909220984365,0.0615601815633189
aL-6,0.031115980748256437,0.03150177643525571,0.05210593741012837
aL-5,0.03348042305806542,0.032464911396712,0.04434303963703425
aL-4,0.06532985120923764,0.0610443783647785,0.049925890470741315
aL-3,0.00641591370736149,0.005475131173379848,0.015402112071306037
aL-2,0.018454257096829067,0.017242419676445866,0.01555093446384722
aL-1,0.0,2.5560844165753768e-05,6.737229932607589e-05
aL0,0.0,0.0,0.0
aL1,0.0004322636808453156,0.0004995742984752642,0.0013605182237041893
aL2,0.004362661223346241,0.0039997663338155135,0.008016298063096672
aL3,0.04217172475209878,0.04517021768624479,0.04431186737913711
aL4,0.08998088834188855,0.08793004737871957,0.09031206446825156
aL5,0.055794034360960185,0.05656386292139931,0.07382596226749015
aL6,0.049554228079128265,0.052694597993775814,0.0675874884612368
aL7,0.0489318484275408,0.05160586730660786,0.06175324845093989
aL8,0.047546003061867737,0.047957977840982165,0.056297097762234106
aL9,0.04676152452996328,0.04707913510946629,0.05229699318433664
aL10,0.043805721490108966,0.04336335114723271,0.0489444671253346
aL11,0.03737479862716257,0.0374620645562212,0.0459197525526057
aL12,0.032391758972973514,0.033711842322984985,0.04134949732220249
aL13,0.0256466444531164,0.02535137766177949,0.035976807840124525
aL14,0.01916068801969201,0.01988044973363049,0.029490967084106774
aL15,0.013633316322957004,0.01409808005032728,0.023118754235907625
aL16,0.009324688059716427,0.009102157478569102,0.01715278629707765
aL17,0.006213790412151412,0.006077276173304194,0.012152152796352645
aL18,0.003943405477341178,0.003862389852090869,0.008242548322027523
aL19,0.002383453906883199,0.0023162595865210607,0.005601956411127893
aL20,0.0016059796475850268,0.0016476440937025526,0.003525481812495852
aL21,0.000895546283232772,0.0009112859386484474,0.0022584803624830815
aL22,0.0005793534055774022,0.00046787809182747636,0.0014148182858475938
aL23,0.0003221965398893325,0.000258747555737502,0.000800423138262036
aL24,0.0001330811795195069,0.00014418731417367207,0.0004977505696478742
aM-25,3.201953191446783e-05,2.1270749117478384e-05,0.00013072237182671444
aM-24,5.8035401594972936e-05,7.670061788432334e-05,0.00029060588813784976
aM-23,0.00010606469946667468,9.456001752714616e-05,0.0004122782496073301
aM-22,0.00019712024334844256,0.00016158667603299537,0.0007199786017532887
aM-21,0.00035221485105914606,0.0003059545480807729,0.001032706737431044
aM-20,0.0005793534055774022,0.000624052578143777,0.0015364906473170742
aM-19,0.0008825383483925195,0.0008775748245242487,0.0022343470015304574
aM-18,0.001379841703439098,0.001397384770824309,0.0032821370895568915
aM-17,0.0021323007034290916,0.002393638474499409,0.004602433045006707
aM-16,0.003080879336395201,0.0031445464921629382,0.0059166956602183665
aM-15,0.004416694183451905,0.004904166872572893,0.007705581040831635
aM-14,0.005820550535826854,0.006642603563840322,0.009785072309582754
aM-13,0.00785078898127858,0.008303458289840441,0.012001319290398743
aM-12,0.010034120813696356,0.010838632731170576,0.013421165359778133
aM-11,0.00947978266742713,0.009658780203594257,0.013836460279504543
aM-10,0.010038123255185664,0.0104404898553983,0.013231115142276218
aM-9,0.010434364962627203,0.011012421425456595,0.011938974774604464
aM-8,0.00830206425919811,0.00890039488772869,0.011131512739397912
aM-7,0.008886420716637148,0.00937671115348482,0.010043500383117104
aM-6,0.00578753039354006,0.0057295623895380786,0.007539664184282344
aM-5,0.0032259678403826334,0.0030780652013159115,0.005766867710970825
aM-4,0.12978516895306136,0.11640299273121518,0.12664685049584
aM-3,0.000644393079778665,0.0007656694822615442,0.001503307276007216
aM-2,0.00014508850398743233,8.094500663074626e-05,0.0004112726929009708
aM-1,0.0,1.9432008406873884e-06,3.2177814603498934e-05
aM0,0.0,0.0,0.0
aM1,9.805981648805771e-05,9.107767772833307e-05,0.00023731138270080465
aM2,0.0016560101662013828,0.002294569909096058,0.0032972204401522814
aM3,0.005277219103653229,0.006020036793482593,0.005731673226248248
aM4,0.01386745915008155,0.014274504202863324,0.01301693156382168
aM5,0.011947287845585807,0.01292006810011994,0.014685150139671827
aM6,0.012983920191316703,0.01297243930813956,0.01699994167771103
aM7,0.013772401164710473,0.013936172892947643,0.017924048290855265
aM8,0.011409960075646144,0.011347805841429104,0.016134157353535638
aM9,0.010731546243208358,0.011169426691111272,0.013806293578313762
aM10,0.010458379611563054,0.011296905428252296,0.011934952547779027
aM11,0.010549435155444821,0.010720531163622439,0.011188829471660396
aM12,0.011934279910745554,0.012380334888877076,0.011346701874558811
aM13,0.012618697405417304,0.010908046518690288,0.011810263516190469
aM14,0.013588288856202283,0.011640587976282318,0.012622753334928816
aM15,0.014968130559641381,0.011734699902445307,0.01301592600711532
aM16,0.014956123235173455,0.012384747273405512,0.013706743464384188
aM17,0.013193047759133072,0.01242963872053209,0.01365646562906622
aM18,0.011349923453306517,0.010717453936493815,0.013148659492354752
aM19,0.009355706981258568,0.009150414855985103,0.01211394164151099
aM20,0.006955242698045808,0.0063028923892112145,0.010670967767885335
aM21,0.004823942604989044,0.004382818217989636,0.008832810108660457
aM22,0.0031629293869260247,0.0025083097029164757,0.0068347689331244455
aM23,0.0019852109786970052,0.0018347210897716553,0.005051916892749333
aM24,0.0011146799547724112,0.0009475420544877098,0.003510398461900462
aN-25,7.004272606289837e-05,6.502798347831677e-05,0.0003418892801621762
aN-24,0.00012007324467925434,0.0001354358930532012,0.0006345062817127447
aN-23,0.0002721660212729765,0.0002543110178934491,0.0009140510460806416
aN-22,0.0004862966409509801,0.0004038777253699619,0.001412807172434875
aN-21,0.0007504577792453396,0.0008171916301980269,0.0020372578870840262
aN-20,0.0012277489268453757,0.0012499977343242762,0.0029945478715381196
aN-19,0.001950189615665556,0.0020519149024443377,0.003938765618809541
aN-18,0.002843734678153674,0.003217234143216069,0.005097166944535503
aN-17,0.004129519006594022,0.004583976502345172,0.006426512910342553
aN-16,0.0054092996728004085,0.005816407482861004,0.00791473683575438
aN-15,0.0074085191967099935,0.0077231005277924175,0.009574910957953651
aN-14,0.008282052051751568,0.008742276485740118,0.010597562128321102
aN-13,0.010002101281781887,0.011372689629086545,0.011634291092577584
aN-12,0.012605689470577053,0.013787967390564254,0.012315052982782859
aN-11,0.014314731986511772,0.015041480142702592,0.013331670812912153
aN-10,0.015328350293679145,0.016207925780452086,0.014756544665823339
aN-9,0.01602177328170184,0.017302051655296923,0.014515211056297097
aN-8,0.017357588128758542,0.01810942027411142,0.014453872097209178
aN-7,0.02418475269914648,0.026042189009743248,0.017237253060411836
aN-6,0.06224697065209778,0.06677644398500346,0.059286617850240426
aN-5,0.015655549885430112,0.015791411229788534,0.017374008772476707
aN-4,0.007147359889532615,0.006192309227861108,0.008550248674173483
aN-3,0.008805371276478652,0.006217749583685496,0.009555805380532825
aN-2,0.005485346061097269,0.005288464499519597,0.006841807830068961
aN-1,0.0,0.0,0.0
aN0,0.0,0.0,0.0
aN1,0.00013708362100881536,0.00010291069488598767,0.0010829845727490111
aN2,0.0054863466714695965,0.005828724347761819,0.013240165152633453
aN3,0.00965388887221205,0.010679326933242445,0.012089808280558365
aN4,0.02193037753029348,0.024074695912673708,0.021792424940219653
aN5,0.021128888622059458,0.02219378496930296,0.019758183723254705
aN6,0.018236124035661754,0.019484017102041742,0.017146752956839494
aN7,0.017829876224496943,0.017868369047616735,0.015567023371148968
aN8,0.01914367764336245,0.019429024075291505,0.014922461522372631
aN9,0.020677613344139926,0.021342136408482,0.0152150785239232
aN10,0.020812695744404086,0.021289850068583138,0.01565450680460223
aN11,0.018946557400014007,0.018965638073934,0.016394596540482708
aN12,0.01693833238275348,0.017029303701200586,0.01643582436544344
aN13,0.014729985291027526,0.015577546596477981,0.015971257167105426
aN14,0.01198431042936191,0.013586307096119401,0.014213544044389296
aN15,0.009116561102272385,0.009445092884036005,0.012058636022661226
aN16,0.0061737659972583275,0.006898249076101389,0.00956284427747734
aN17,0.003962417074415393,0.004146186195783092,0.007078113656063406
aN18,0.0023784508550215634,0.0024745717833478853,0.0050810780372337536
aN19,0.0013708362100881537,0.0013790057078600197,0.003275098192612376
aN20,0.0007394510651497413,0.0006784751604104474,0.002210213640577833
aN21,0.00037923133111197833,0.00038016731525713484,0.0014238682962048278
aN22,0.00020712634707171376,0.00021921217738838774,0.0008657843241753932
aN23,0.0001230750757962357,0.00010619208857074712,0.0005329450543704511
aN24,4.9029908244028855e-05,3.757677532977266e-05,0.00033786705333673883
aP-25,0.00019812085372076968,0.00017924055937557407,0.0012760514603700045
aP-24,0.00044126917419625973,0.0004624495631031577,0.002347974909349063
aP-23,0.0008875414002541551,0.0008770211926427292,0.003540565163091242
aP-22,0.0015999759853510642,0.001596480740901604,0.005411906193625977
aP-21,0.0027816968350693923,0.002563713809626644,0.007639214298211919
aP-20,0.004302624601006614,0.004270306201269937,0.010825823500664673
aP-19,0.006774132220654599,0.006831278278057837,0.01444984987038374
aP-18,0.010309288666086313,0.010679262524400797,0.01878480483149886
aP-17,0.014409789971882848,0.014754886560905145,0.023824655043771882
aP-16,0.018745434715176257,0.019809869767201407,0.02901131653517337
aP-15,0.022906973253684747,0.022584529921298637,0.034009938922485654
aP-14,0.027989073334734188,0.028102465695335664,0.0384012050591569
aP-13,0.034462021833318326,0.03444121713882116,0.04163909765363398
aP-12,0.03582485316042786,0.03405687669893854,0.04507810158938293
aP-11,0.03564774512452596,0.037160597836260585,0.048121921739532655
aP-10,0.03757091826013868,0.04060108476977073,0.049427134344387086
aP-9,0.036337165671059345,0.040447264331897784,0.04932959534387023
aP-8,0.05139234933309319,0.05654359762656358,0.05608995308072408
aP-7,0.06205385285023864,0.06728868977588415,0.06449037380565002
aP-6,0.033107195389187404,0.03453367792538472,0.05755002141835785
aP-5,0.07051801598975375,0.07168136671427687,0.054481062350549135
aP-4,0.03007934840252554,0.02771463656948895,0.035738490900717367
aP-3,0.00662103883368855,0.005486023466253622,0.02263508146014878
aP-2,0.09911045737900119,0.11109365522049514,0.10136413822784708
aP-1,0.0,1.9767301419122584e-05,8.044453650874733e-05
aP0,0.0,0.0,0.0
aP1,4.702868749937462e-05,5.7685766245831516e-05,0.0017748075867242382
aP2,0.0016810254255095608,0.0015924345395817155,0.009697588876129492
aP3,0.027391708942454896,0.02407470803669096,0.05394208395594053
aP4,0.09000590360119673,0.08818464567899055,0.09685522195653179
aP5,0.05741502316413012,0.06013143380373873,0.0691330291189111
aP6,0.04517455647945247,0.04548306279639585,0.052871166063667825
aP7,0.029974284313431195,0.03157274740124115,0.04444761753449562
aP8,0.03786209587848588,0.040129421095634825,0.0444184563900112
aP9,0.04432603888371907,0.04815983969721382,0.04809276059504824
aP10,0.046025075295930515,0.04872023602260848,0.050551346742096825
aP11,0.046529382923583384,0.04947916313049497,0.05043168549404006
aP12,0.04270404947017681,0.045810474913274474,0.04894346156862824
aP13,0.038441449284063275,0.04204185448385925,0.046524092133127665
aP14,0.03551666516575111,0.037880706871912376,0.04200914252157422
aP15,0.028410330301483905,0.03036964782833633,0.03642729724457351
aP16,0.021608180990404145,0.022356807536269722,0.030225023479749095
aP17,0.016571108376109426,0.016827293325757598,0.024695467151479075
aP18,0.012292498424038664,0.015308164572671068,0.01935294437059189
aP19,0.008606249812385555,0.00955524488502261,0.014489066581931755
aP20,0.005640440668807973,0.007031569316304358,0.010673984438004413
aP21,0.0035031369135172454,0.004197149502299392,0.007573853112298562
aP22,0.0020132280691221643,0.002294213766089298,0.005073033583582879
aP23,0.0011456988763145519,0.0012617869203180002,0.0033032537803904375
aP24,0.0006283833138214311,0.0006814409034116887,0.0021046301864101023
aQ-25,8.104944015849669e-05,7.006402082384224e-05,0.00030468368202688054
aQ-24,0.0001681025425509561,0.00012947826463852023,0.0005359617244895292
aQ-23,0.00030018311169813586,0.00025465989122580265,0.0009070121491361262
aQ-22,0.000577352184832748,0.0004821149558821561,0.0013434237596960806
aQ-21,0.0008865407898818279,0.000799938301179308,0.0019286577627972174
aQ-20,0.0014869070132780997,0.0014277450149617647,0.0027089697669320668
aQ-19,0.0023164130119372817,0.002447553789778658,0.003575759647813819
aQ-18,0.003305016059796476,0.003152139726279942,0.0045772941273477235
aQ-17,0.004585797336375189,0.004858366503027997,0.006014234660735223
aQ-16,0.006312850839011798,0.006080631495078521,0.007305369471700618
aQ-15,0.0077937541900559345,0.006740364819195985,0.00875337112885807
aQ-14,0.009470777174076187,0.008824579619100234,0.010337122941374033
aQ-13,0.012023334233882669,0.011658093541691197,0.011482452029917323
aQ-12,0.014038563523749487,0.013651754056744668,0.013364854184222012
aQ-11,0.01658811875243899,0.016740758152625664,0.015149717338009842
aQ-10,0.016484055273716967,0.016587549977623912,0.01643481880873708
aQ-9,0.01581164510351314,0.01621412873077834,0.016700285779215947
aQ-8,0.016539088844194957,0.016355708457733834,0.01709345845140245
aQ-7,0.017168472768388718,0.01772369163425351,0.017082397327632497
aQ-6,0.01065750107565615,0.01136173406399774,0.013041064924774302
aQ-5,0.00808293058765847,0.008272688291807441,0.01020539501284096
aQ-4,0.003542160718038003,0.0032394097285199756,0.0055376007819208945
aQ-3,0.016689180400044027,0.016624085703611034,0.019748128156191112
aQ-2,0.0004052472007924834,0.00031166041369971756,0.0008607565406435965
aQ-1,0.0,2.5593241539305994e-07,2.2122247539905518e-05
aQ0,0.0,0.0,0.0
aQ1,0.0001080659202113289,0.0001475957732423594,0.00038211154841654983
aQ2,0.0011537037592931688,0.0010021551637911083,0.002451547250104075
aQ3,0.019478882118092036,0.0195507128364439,0.016549452273262048
aQ4,0.030536627342679035,0.02879078858875857,0.029052544360134103
aQ5,0.022137503877365194,0.022328693455765863,0.025047411998704843
aQ6,0.0207246420316393,0.02026670879924315,0.022599886975426205
aQ7,0.016446032079568535,0.016723096490494672,0.018043709538912028
aQ8,0.013265091705940623,0.01271527677821991,0.014193432910262108
aQ9,0.010561442479912747,0.01028378693242383,0.011284357358764532
aQ10,0.008885420106264821,0.009039039087007185,0.009499494204976701
aQ11,0.007817768838991785,0.00831247022341363,0.00879862118064424
aQ12,0.007427530793784208,0.007577130391089758,0.008181209362939604
aQ13,0.006856182271185423,0.007097451983799597,0.007835297855951991
aQ14,0.0057425029267853395,0.005748684237996786,0.006998674676261018
aQ15,0.00454377170073745,0.004727801066869871,0.005887534515733946
aQ16,0.0033180239946367283,0.0035405528887701918,0.0050368335421539425
aQ17,0.0023174136223096087,0.0022682371119393053,0.0038563099688880757
aQ18,0.0016389997898718217,0.0016335152565359605,0.003047842376975165
aQ19,0.0010186213590290076,0.0009932155007270045,0.0021549080217280695
aQ20,0.0006403906382893565,0.0005856429337402331,0.001547551771087027
aQ21,0.00038723621409059524,0.0003424493555096723,0.0010487956447327933
aQ22,0.00017510681515724592,0.0001990750845632017,0.0006918230139752271
aQ23,0.00010006103723271195,7.621269130918738e-05,0.0004595394148062192
aQ24,4.702868749937462e-05,4.148443252088435e-05,0.0002654669704788662
aR-25,0.0030178408829385924,0.0028620068786339315,0.009299388420411192
aR-24,0.005289226428121154,0.004783195322816023,0.013659482299185299
aR-23,0.00879536517275538,0.00874644411667029,0.019626455794721633
aR-22,0.014594902890763366,0.013814238620445903,0.02740242580499842
aR-21,0.022678834088794165,0.024243380395696883,0.03689689222644332
aR-20,0.03327429732136603,0.03492396519572916,0.048335099761280836
aR-19,0.04649135972943495,0.04821044837622552,0.061141869973473414
aR-18,0.062099880927365694,0.06539240254763429,0.07425634053781195
aR-17,0.07709002491519827,0.07397506710401068,0.08644167670547445
aR-16,0.09100751458389618,0.08897836871638858,0.0959250820031494
aR-15,0.10670509010496403,0.10417976464663727,0.10225807813980053
aR-14,0.11493611102772691,0.11668711907550197,0.10400975792227851
aR-13,0.11524429902240367,0.10992400278018263,0.10141341050645869
aR-12,0.11061347421927376,0.11340004339428254,0.09416636332372691
aR-11,0.09402035241497313,0.09116822083635544,0.08417112966251505
aR-10,0.07273136613334134,0.07482125076405556,0.07280230554041633
aR-9,0.058140465684067284,0.056576077868780106,0.062378704722295404
aR-8,0.05457128848597645,0.05551241358727944,0.058877356270752176
aR-7,0.05071793794214471,0.05322592092580159,0.05864105044475773
aR-6,0.04191656910715536,0.04307059553366723,0.050343196503880444
aR-5,0.019336795445221586,0.018673650819961835,0.04623650291510889
aR-4,0.006983259788470968,0.006123136784059807,0.026938864163366764
aR-3,0.005392289296470848,0.004377929965784083,0.015490601061465659
aR-2,0.0019241737459850508,0.0016874968750345534,0.005501400740491959
aR-1,1.4008545212579674e-05,4.085021854814117e-05,0.01009679488855415
aR0,0.0,0.0,0.0
aR1,0.00036222095478241726,0.0004283474020631585,0.0018844132677174063
aR2,0.7101281781886951,0.7043571487182392,0.6904383623905703
aR3,0.03985831357127848,0.03812215061346557,0.05948471252139322
aR4,0.11208237024584997,0.11044510516566547,0.10492079229824007
aR5,0.0768368704909995,0.07403423230819756,0.07912926833682932
aR6,0.052580073845045476,0.05223892892939884,0.06402580660731201
aR7,0.03995637338776654,0.0411386091366206,0.053028032909859885
aR8,0.0341328210208227,0.035219024372572405,0.04649291987523052
aR9,0.03195649346101122,0.03281988746681171,0.04272107666967663
aR10,0.029001691031529234,0.029971367799618898,0.039755689942622935
aR11,0.02393860254755401,0.025108930657798737,0.037523354054505194
aR12,0.019938162278990184,0.02137626854804903,0.03465852299808743
aR13,0.016307947848187395,0.017099554803661723,0.03097617433939952
aR14,0.012552657120843715,0.013852098895317742,0.026287263417645913
aR15,0.008628263240576752,0.009262006584020313,0.0208019515844557
aR16,0.005448323477321166,0.005473549368004078,0.015560990030910812
aR17,0.003213960515914708,0.003162281087835207,0.01109028491443718
aR18,0.0017750828005083101,0.001788787545474764,0.00757686978241764
aR19,0.00092056154254095,0.0009569201712694447,0.004887005592906401
aR20,0.0004842954202063259,0.0005192871927749781,0.0029171200051484503
aR21,0.00023914587898618157,0.0002236045051929712,0.0018311187622803613
aR22,0.00011707141356227299,0.00011016056120581571,0.001086001242868089
aR23,4.60280771270475e-05,4.505626094605531e-05,0.0006123840341728391
aR24,1.2007324467925435e-05,1.7627020178866505e-05,0.00031675036250319264
aS-25,0.00039123865557990376,0.0003340491638538138,0.001444984987038374
aS-24,0.00067741322206546,0.0006047620827107246,0.0023942305178415928
aS-23,0.0013528252233862656,0.0012087561847036802,0.0038382099481736073
aS-22,0.0022653818829485987,0.0021837205876797288,0.005945856804702787
aS-21,0.003960415853670739,0.003913572906419851,0.008588459829015137
aS-20,0.006670068741932579,0.006890726123396889,0.012314047426076499
aS-19,0.010262259978586938,0.011122489316073517,0.016974802760052046
aS-18,0.015546483354846456,0.015994547623333747,0.023549132506229423
aS-17,0.022705850568846997,0.02270537454774991,0.03132610807321257
aS-16,0.0329521007814767,0.03322806372461061,0.0410005691450958
aS-15,0.04436606329861215,0.044122832928908444,0.05188471493472931
aS-14,0.060126677273136614,0.05959032678979107,0.06406100109203458
aS-13,0.08250532825023264,0.08512977523817875,0.07714429939847597
aS-12,0.10360219734037764,0.10495805381007425,0.09179425505342523
aS-11,0.12306707091325708,0.1234561761392745,0.10534513722832371
aS-10,0.1398443050260659,0.13752007252296142,0.11334434082741228
aS-9,0.14114009545822953,0.13727955626872795,0.11348310765288987
aS-8,0.13756991764976637,0.13353860587768476,0.10881430786526344
aS-7,0.12609391728954664,0.12255087577111173,0.09755710053757062
aS-6,0.08706711093767198,0.08493173547838559,0.07514625822293997
aS-5,0.05147339877325168,0.0494241988982857,0.05697785965243938
aS-4,0.023894575691171614,0.020883063526261687,0.033859105416531754
aS-3,0.011124786119532916,0.008278314593563174,0.01901708843066787
aS-2,0.005123125106314852,0.004334483549963657,0.0066899687674087
aS-1,0.0,7.122567098653383e-06,2.916114448442091e-05
aS0,0.0,0.0,0.0
aS1,0.000761464493340938,0.000680816374444914,0.0014288960797366247
aS2,0.056517475660152694,0.05562077199146391,0.07949931320476955
aS3,0.05638039203914388,0.05638087512902379,0.04183015342784226
aS4,0.09096749016900309,0.0893385611449107,0.08115848177026247
aS5,0.10974894685758313,0.10266781482726572,0.0978788786836056
aS6,0.13279900739451064,0.12809443717111177,0.11191041696414386
aS7,0.1448503587188185,0.14243405795513026,0.12139482781852518
aS8,0.14505648445551786,0.14237743879456619,0.1211243330645145
aS9,0.1390438167282042,0.13947323957814628,0.11289787364978873
aS10,0.11243358448653679,0.11113954462579172,0.0975450338570943
aS11,0.08714415793634117,0.08602400637859096,0.07994477482568675
aS12,0.05929116761224347,0.05918386911143756,0.06255869937273373
aS13,0.03870460981198531,0.039462951743307585,0.04726217075559542
aS14,0.025353465614024556,0.025667905442170666,0.03488980104055008
aS15,0.015410400344209967,0.015635128100911395,0.025020261967633142
aS16,0.008916439027806962,0.009480718550978194,0.01717189187449848
aS17,0.005048079328390318,0.005176973552377791,0.011488485370155479
aS18,0.0026776333563473718,0.002793552403979238,0.007474302998368987
aS19,0.0015189265451925674,0.0014414444914236642,0.004711033169293516
aS20,0.0007424528962667227,0.0006836397076028936,0.002868853283243202
aS21,0.00038623560371826816,0.0003586644234729121,0.0017526853391843327
aS22,0.00017810864627422729,0.00016798382375276112,0.0010317011807246847
aS23,8.905432313711364e-05,6.421545528505129e-05,0.0005621061988548721
aS24,2.7016480052832226e-05,2.0644313933147494e-05,0.00025138917658983545
aT-25,0.00032519837100631385,0.0003721100059641678,0.0010407511910819186
aT-24,0.0006503967420126277,0.0006786648823366551,0.00160386294664315
aT-23,0.001138694603708262,0.0013089448009195146,0.002677797509034927
aT-22,0.0019581944986441727,0.00223540432603364,0.003916643371269636
aT-21,0.0031429171794794823,0.0034371558597703186,0.005844295577360494
aT-20,0.004928006083711064,0.005664040790431609,0.00806456478500192
aT-19,0.007701698035801839,0.009026275527845764,0.011265251781343705
aT-18,0.011323907583626011,0.01239964087084779,0.015052178337492986
aT-17,0.015447422927986072,0.0161134902945787,0.01955405571186376
aT-16,0.02045347662073865,0.02147861495517896,0.024665300450288294
aT-15,0.026169963677843484,0.02765276164744638,0.03022904570657453
aT-14,0.03234372967510181,0.03465796728823755,0.0363287526873503
aT-13,0.037344780315992754,0.03946320937867418,0.04171753107673001
aT-12,0.04102602587578423,0.04396633914523156,0.0471143539197606
aT-11,0.044894385575200875,0.04936473362467185,0.0509525638679342
aT-10,0.04659942564964628,0.048767850069359076,0.053439305602760855
aT-9,0.04807332472808413,0.05095069753835893,0.05505523522988032
aT-8,0.05067090925464533,0.053292536338589463,0.05682803170319184
aT-7,0.05064089094347552,0.052082013836122466,0.05662993703203905
aT-6,0.03823532354736389,0.03791620296342019,0.047867515892823745
aT-5,0.03041255165651047,0.02898620046781248,0.0390518002481714
aT-4,0.012313511241857533,0.010824898492877964,0.023782421662104793
aT-3,0.004620818699406638,0.004135043087302429,0.012942520367551088
aT-2,0.0023464313231070953,0.001977631806496029,0.0041589825375022375
aT-1,0.0,3.7791628840080144e-06,3.0166701190780253e-05
aT0,0.0,0.0,0.0
aT1,0.02100581354626322,0.023105797496516527,0.013386976431761916
aT2,0.06256016169863617,0.06257230157687878,0.03193949766409177
aT3,0.027071513623310218,0.027665807090008897,0.026186707747009978
aT4,0.04121714245689871,0.04582091369212794,0.05109434736353087
aT5,0.048327479762655216,0.04954856403624635,0.05589487507969037
aT6,0.04583996237705,0.04867159749640013,0.05759929369696945
aT7,0.045761914768008484,0.04753741993056527,0.0575017546964526
aT8,0.04949319084641631,0.05223926233987325,0.05839871127852513
aT9,0.047932238665586005,0.04930132501444698,0.057643538192049266
aT10,0.04257196890102963,0.044012480123886116,0.05249307674207672
aT11,0.032764986641851526,0.03302883278012251,0.04524502400263858
aT12,0.02347231811404957,0.02495747743429413,0.03823729931602033
aT13,0.016230900849518205,0.017905160893468296,0.031036507741781082
aT14,0.011234853260488899,0.012992710664983916,0.023789460559049305
aT15,0.007419525910805591,0.007624058673114574,0.0172010530189829
aT16,0.004433704559781467,0.004430784240116064,0.012368347488219904
aT17,0.0026546193177838483,0.0026122155617653692,0.00805048699111289
aT18,0.0014608911435975945,0.0014896680541978003,0.005199733728584156
aT19,0.0008194998949359109,0.000822082250375699,0.003140353593960224
aT20,0.00042726062898368,0.0003809105033068136,0.0019759189279961063
aT21,0.0001731055944125917,0.00020128748091437202,0.0011141568306461506
aT22,8.70531023924594e-05,0.00011353149975627088,0.0006606507560780875
aT23,4.002441489308478e-05,4.06940152672839e-05,0.0003539559606384883
aT24,2.601586968050511e-05,2.1653401572115405e-05,0.00018703354738283757
aV-25,0.000284173345740902,0.00025702989980124126,0.00102365672707381
aV-24,0.0005293228869610462,0.0005082935033350503,0.0018180465250976898
aV-23,0.0009815987752529042,0.0009241950807357707,0.003007620108720791
aV-22,0.0016379991794994947,0.0016053233171088117,0.0045752830139350045
aV-21,0.002828725522568767,0.0027816879164721166,0.006914207912926833
aV-20,0.004645833958714816,0.004877550108199579,0.010361256302326658
aV-19,0.007091325708682296,0.007535849627850865,0.01495463933697613
aV-18,0.010731546243208358,0.011370173895506878,0.021334896638826154
aV-17,0.01574060176707792,0.016865765863500637,0.029029416555887835
aV-16,0.021872342128698506,0.023663484104055492,0.03840221061586326
aV-15,0.028430342508930447,0.031151271096517455,0.049163678487320936
aV-14,0.03724571988913237,0.040802146440863794,0.06091863638466164
aV-13,0.046186173565875184,0.050829033025241034,0.07390841791741162
aV-12,0.05310939673200652,0.05833284796850936,0.08509423071895293
aV-11,0.05855772020932769,0.06434586344050124,0.09400949647753486
aV-10,0.0614324738090235,0.06575919044154119,0.09631021022168502
aV-9,0.05805441319204715,0.0630509032198868,0.09284103958474531
aV-8,0.05544582195139035,0.058293050881881615,0.08389862379509168
aV-7,0.04361260368824983,0.04460340169371551,0.07203808244358324
aV-6,0.02691842023634417,0.0283889622849951,0.05310344966283684
aV-5,0.023359249141976606,0.02183069035415127,0.0379165267266917
aV-4,0.02631004912996928,0.0258187979298774,0.042655715483763276
aV-3,0.007911826213990534,0.006506079552078667,0.01105810709983368
aV-2,0.13178839091846026,0.11589589358565773,0.12878466405355998
aV-1,0.0,1.9418664883980974e-05,2.8155587778061568e-05
aV0,0.0,0.0,0.0
aV1,0.003430092356337366,0.003253763049443488,0.004576288570641364
aV2,0.004275608120953782,0.004247053472808351,0.006012223547322504
aV3,0.08761444481133492,0.08934955156654911,0.07739769968847854
aV4,0.05172255075596113,0.05356800613455874,0.0659303310091566
aV5,0.06288836190075946,0.06709536625880179,0.0810860816874046
aV6,0.06442529943265392,0.06937813684698345,0.09713275560748698
aV7,0.06303645223586388,0.06895634228680692,0.10773031773580807
aV8,0.061217342578973176,0.06773170136625065,0.10989729243801245
aV9,0.05384084291417765,0.05682714808003093,0.10288252885444969
aV10,0.04484035261509521,0.04733642494156708,0.08941410232947267
aV11,0.03700957584126317,0.03954046967860879,0.07270074431307405
aV12,0.028912636708392118,0.030250762746173318,0.05614827536969293
aV13,0.022253574680555138,0.022114040761333966,0.04245359858578505
aV14,0.019311780185913407,0.019833893507385077,0.03284852092664062
aV15,0.017380602167322068,0.01568784938992915,0.026032857570937
aV16,0.01630594662744274,0.014347392279076642,0.021757230455497076
aV17,0.01656710593462012,0.013466690026414837,0.019087477400113025
aV18,0.015837660973193647,0.013211688602570252,0.017468531102874486
aV19,0.013709362711253864,0.012763692525611258,0.016073823951154077
aV20,0.011652107785749308,0.010956942680265222,0.014534316633717926
aV21,0.009522808913437196,0.009298665823433184,0.012956598161440118
aV22,0.007036292138204304,0.006320799562691547,0.01115061831681874
aV23,0.00489798777254125,0.0044444991557561824,0.009128443780330104
aV24,0.00318194098400024,0.0025206318720748383,0.006952419067768488
aW-25,3.1018921542140707e-05,4.902798954278809e-05,0.00023530026928808597
aW-24,7.304455717987972e-05,7.478850407761616e-05,0.000435406053853595
aW-23,0.0001330811795195069,0.000160868103053498,0.0006767396633798369
aW-22,0.0002651617486666867,0.0002647034081730934,0.0010487956447327933
aW-21,0.00045327649866418516,0.00039545683763777975,0.00151235728636445
aW-20,0.0007514583896176668,0.000870908035819245,0.0021931191765697244
aW-19,0.0012417574720579555,0.001313256404554547,0.0032037036664608626
aW-18,0.0021052842233762596,0.0021807375111225734,0.004192165908812095
aW-17,0.0032629904241587367,0.003389250078854608,0.005802062195693402
aW-16,0.004940013408178989,0.004927874630556946,0.007933842413175206
aW-15,0.007205395291127588,0.007234368510619766,0.010030428145934434
aW-14,0.01048039303975425,0.010302292729255952,0.012894253645645838
aW-13,0.015150241647404916,0.013903730538285027,0.015999412754883487
aW-12,0.0213960515914708,0.02071481702336172,0.019925106136510357
aW-11,0.02628903631215041,0.0250109807224246,0.02394833851865408
aW-10,0.031735358568726925,0.03150927817093002,0.02737628133063308
aW-9,0.031331111978306764,0.031074495757272905,0.030406023686893775
aW-8,0.03194348552617096,0.031985164034073726,0.03182687531297952
aW-7,0.03169733537457849,0.029680985462430386,0.03063931284276914
aW-6,0.034335944926405106,0.03235959915186195,0.0301234622524068
aW-5,0.08784958824883178,0.09881874245037445,0.0972262723811784
aW-4,0.007867799357608141,0.007028514821708081,0.009300393977117552
aW-3,0.001989213420186314,0.002187967971910883,0.003951837855992213
aW-2,0.0007714705970642092,0.0003341705461046551,0.0010337122941374032
aW-1,0.9999319584946817,0.9989022429819883,0.9833821698707055
aW0,0.0,0.0,0.0
aW1,0.00016710193217862898,0.00017576171233563712,0.00035093929051941027
aW2,0.0005553387566415513,0.0006679703624942944,0.00201614119625048
aW3,0.007834779215321346,0.00825972999061892,0.010670967767885335
aW4,0.018179089244439107,0.01836685710992138,0.02079089046068575
aW5,0.0227428731526231,0.022519445165688757,0.02437972234568224
aW6,0.030182411270875235,0.030003490383326507,0.028203854499966815
aW7,0.039487087123145116,0.03746835692117468,0.03419093912963034
aW8,0.04866168362701248,0.04597119391696348,0.04219617606895706
aW9,0.05373878065620028,0.05118735229309782,0.05054631895856503
aW10,0.0606279830696725,0.057475104058015265,0.05921120109726348
aW11,0.0714866068301664,0.07085015621553747,0.06911995688172844
aW12,0.09191506819159688,0.0901270829789079,0.08051794214831157
aW13,0.11061447482964608,0.11529950105304364,0.09187469958993398
aW14,0.12381052441989614,0.11741103202156639,0.10166479968304852
aW15,0.1329741142096679,0.1407050397308895,0.10682833337020374
aW16,0.12251673520847717,0.1226619681411864,0.10607617695384695
aW17,0.10389737740021412,0.10244050162781905,0.10116503799998794
aW18,0.08781856932728965,0.08639303115368074,0.09214318323053192
aW19,0.07025185363071473,0.07467680522252226,0.07960087443211185
aW20,0.05226187974664545,0.05599150625298614,0.06654472615674216
aW21,0.037886110527421725,0.04072270381782393,0.05270625476382489
aW22,0.025742703048859804,0.027687927359484093,0.040479690771201664
aW23,0.016637148660683016,0.016242051858010493,0.030590040564157536
aW24,0.010103162929386926,0.010151846556934288,0.022202692076414267
aY-25,7.10433364352255e-05,7.12699816648184e-05,0.0003609948575830037
aY-24,0.00016710193217862898,0.00013753919692883,0.0007240008285787261
aY-23,0.0003582185132931088,0.0003394663026322381,0.0013263292956879717
aY-22,0.0007914828045107516,0.0007441350964481333,0.0021931191765697244
aY-21,0.0017200492300303185,0.0015807261487967058,0.0036652541946798007
aY-20,0.0032990123975625133,0.0027450728160595505,0.005749773246962716
aY-19,0.0058655780025815745,0.005358115842002329,0.008611587633261402
aY-18,0.009821991414763006,0.009590353765729457,0.012917381449892103
aY-17,0.015866678673991136,0.016332434891117596,0.017713886939226164
aY-16,0.024824142727063507,0.02442165346086377,0.02438273901580132
aY-15,0.03724772110987702,0.03768450996274144,0.03181581418920957
aY-14,0.051739561132290696,0.048906503361650505,0.03973256213837667
aY-13,0.059813486226598225,0.05622279006808266,0.04690017034130606
aY-12,0.06647855191666917,0.06407349133093969,0.051180825240277776
aY-11,0.08252433984730685,0.075457106972823,0.05637553118533013
aY-10,0.09617566715696575,0.08541647793613145,0.07246142181696053
aY-9,0.12870350914057574,0.1106634223443116,0.10978969787043201
aY-8,0.1525800738450455,0.13401983237042772,0.1374947962440446
aY-7,0.16825163349643282,0.1478111202262167,0.15727309110142648
aY-6,0.22076866888802169,0.19983606631313677,0.2009021854769456
aY-5,0.23301313801418866,0.2316564346427207,0.21784682153580687
aY-4,0.03135312540649796,0.028323371351664975,0.017958237218871485
aY-3,0.008215011156805651,0.0069858807150435,0.013437254267079883
aY-2,0.5321336014969131,0.5301646519136451,0.5713030204912346
aY-1,0.0,0.0,0.0
aY0,0.0,0.0,0.0
aY1,0.00022313611302894766,0.00021790588556871193,0.0004907116727033587
aY2,0.0011727153563673841,0.0012974081354726048,0.0033676094095974355
aY3,0.012707751728554418,0.01308860254842963,0.020106106343655037
aY4,0.0512452596083611,0.04933382950469801,0.04510726273386735
aY5,0.09267453146419316,0.0890789071294459,0.06646025939340797
aY6,0.12137703999439658,0.11266771638024564,0.07559574207068259
aY7,0.12805811545042475,0.1160896475053525,0.07782807795880033
aY8,0.11947588028697506,0.11034224500330451,0.0824586665915851
aY9,0.12602087273236676,0.11508068678969019,0.09096064854385333
aY10,0.13870561042235763,0.1252722690554149,0.10646231072908895
aY11,0.16382993626111927,0.1474757699090427,0.12454322586613627
aY12,0.17824472928486376,0.16781868270321743,0.14034756061998604
aY13,0.18034701167712305,0.16327409182866454,0.14761371338013865
aY14,0.16302044246990666,0.15669219321920203,0.14773438018490176
aY15,0.1318524299822892,0.12939031275502869,0.13986589895763993
aY16,0.10278069622469707,0.10184871622176049,0.1264095391131392
aY17,0.0777664375268914,0.07668228741214694,0.10830449061513926
aY18,0.05474539469076137,0.055226183725999536,0.08799626737350599
aY19,0.03575180860324798,0.036469365178697345,0.06878812316862985
aY20,0.02298602147309859,0.023123192430267985,0.050511124473842456
aY21,0.013594292518436246,0.013481032738823256,0.03542978499186505
aY22,0.007672680335004353,0.007492916209510389,0.023596393671428312
aY23,0.0040284573589889835,0.003980118606108526,0.014881233697411898
aY24,0.0020112268483775102,0.0019430020139083815,0.008715159974016414
v6-1;j2,0.00029417944946417317,0.00026013658450303024,0.0006184173744109952
v6-1;j4,0.006228799567736319,0.005244056876456458,0.04220623163602065
v6-1;j5,0.0016670168802969813,0.001991130005327778,0.008395392941394145
v6-1;j3,0.002312410570447973,0.0024939486150444114,0.007200791574239246
v6-1;j1,0.0001130689720729645,9.325183724970512e-05,0.001256945882949177
v6-1;j6,0.0017690791382743473,0.001213390779735801,0.008486898601672845
v3-30-3;j2,0.00029017700797486466,0.0003004032163223413,0.00020412801139094638
v3-30-3;j4,0.02274587498374008,0.024710265691533576,0.01429901636442984
v3-30-3;j5,0.0019471877845485747,0.0022772653371606754,0.002836675468639703
v3-30-3;j3,0.0051261269374318335,0.00593115979064344,0.0022966915173247364
v3-30-3;j1,0.0006764126116931328,0.0005763744067081848,0.0004273616002027202
v3-30-3;j6,0.003985431112978917,0.00403878558896148,0.002877903293600436
v2-5;j2,7.304455717987972e-05,8.557771912503222e-05,8.748343345326273e-05
v2-5;j4,0.004138524499944967,0.005206261768177345,0.006226407125777044
v2-5;j5,0.0009365713084981839,0.0010602075158007466,0.0012106902744566475
v2-5;j3,0.0010116170864227178,0.0012109150175255094,0.0010276789538992473
v2-5;j1,0.0001540939973383764,0.00016036038615137402,0.0001548557327793386
v2-5;j6,0.00022413672340127478,0.000233141039309495,0.0012106902744566475
v3-48;j2,0.00020612573669938662,0.00023008161933120962,8.949454686598141e-05
v3-48;j4,0.01280080849318084,0.01380854487884421,0.006788513324631916
v3-48;j5,0.001404856962747276,0.001529201917044758,0.0013021959347353476
v3-48;j3,0.003082880557139855,0.00321829385809895,0.0011674513360831957
v3-48;j1,0.0002891763976025376,0.0002668904198631436,0.0002071446815100244
v3-48;j6,0.0025555588909234634,0.0026887709637594694,0.0012951570377908322
v5-10-1;j2,0.0,0.0,0.0
v5-10-1;j4,0.0,0.0,0.0
v5-10-1;j5,0.0,0.0,0.0
v5-10-1;j3,0.0,0.0,0.0
v5-10-1;j1,0.0,0.0,0.0
v5-10-1;j6,0.0,0.0,0.0
v1-24;j2,0.000577352184832748,0.0005494140022209017,9.15056602787001e-05
v1-24;j4,0.022133501435875884,0.0214051858446958,0.007021802480507283
v1-24;j5,0.0033010136183071674,0.0032173288621008458,0.0014188405126730312
v1-24;j3,0.006265822151512422,0.007408292842348785,0.0011664457793768364
v1-24;j1,0.0007354486236604329,0.0008142789297722605,0.00023328915587536727
v1-24;j6,0.002980818299162489,0.0022472481648238805,0.0013615237804105486
v3-72;j2,1.1006714095598314e-05,1.2393434759278759e-05,7.038896944515392e-06
v3-72;j4,0.0003021843324427901,0.00018576171779523362,0.0004675838684570939
v3-72;j5,1.6009765957233914e-05,1.8414348708833686e-05,8.245564992146602e-05
v3-72;j3,0.00012407568616856283,5.2108037518198756e-05,7.9438979802388e-05
v3-72;j1,6.003662233962718e-06,1.0504993273852863e-05,1.6088907301749467e-05
v3-72;j6,8.004882978616956e-05,5.5948367342025146e-05,0.00010558345416773088
v3-9;j2,0.000619377820470487,0.0005240897243898078,0.00032378925944770805
v3-9;j4,0.01466294439608161,0.01367868453006436,0.021038257410450147
v3-9;j5,0.001180720239346001,0.001263998037964226,0.00401719904190557
v3-9;j3,0.005633436396201683,0.00532475054652645,0.0034973262247177906
v3-9;j1,0.0005603418085031869,0.0006170672498292696,0.0006395340652445413
v3-9;j6,0.003031849428151172,0.0018037249030418091,0.004186132568573939
v4-4;j2,0.0003732276688780156,0.00044714086014834557,5.329450543704511e-05
v4-4;j4,0.008310069142176729,0.008974022528994345,0.003745698731188548
v4-4;j5,0.0026145949028907635,0.0031344049411699037,0.0006576340859590095
v4-4;j3,0.0031489208417134454,0.0033915479589992892,0.0006777452200861963
v4-4;j1,0.00017810864627422729,0.00013755181822022652,0.00010860012428680891
v4-4;j6,0.003144918400224137,0.002693859830562979,0.0006908174572688678
v3-15;j2,6.804150531824412e-05,7.900399764425192e-05,6.636674261971656e-05
v3-15;j4,0.008949459170093757,0.010082120575970353,0.005217833749298624
v3-15;j5,0.0006513973523849548,0.0005530453348254684,0.0010085733764784196
v3-15;j3,0.0016019772060957185,0.0018169078774250215,0.0008346120662782536
v3-15;j1,0.00016209888031699338,0.0001992170444917607,0.00017898909373196281
v3-15;j6,0.0012147409920051232,0.0013204607229306581,0.0009844400155257955
v1-45;j2,1.0006103723271196e-06,1.3495922248553664e-06,1.7094464008108808e-05
v1-45;j4,5.7034791222645816e-05,3.6275320093150764e-05,0.0015515739979124644
v1-45;j5,1.6009765957233914e-05,1.4375372663874642e-05,0.0002775336509551783
v1-45;j3,0.00011607080318994587,9.211288409977813e-05,0.0002483725064707574
v1-45;j1,2.0012207446542392e-06,3.5757041295382907e-06,3.4188928016217615e-05
v1-45;j6,2.401464893585087e-05,1.0739745149876313e-05,0.000285578104606053
v3-64;j2,7.504577792453396e-05,9.933776831374633e-05,7.642230968330997e-05
v3-64;j4,0.0029758152473008536,0.0027834754512656213,0.004447577312227368
v3-64;j5,0.00022913977526291038,0.0002704889560538564,0.0008426565199291284
v3-64;j3,0.0008915438417434635,0.0009256012772991646,0.0006958452408006645
v3-64;j1,7.70469986691882e-05,7.238336663578598e-05,0.00012670014500127706
v3-64;j6,0.0006754120013208057,0.0005470501503729735,0.000879862118064424
v1-69;j2,0.0017000370225837762,0.0016321382333890778,0.0005781951061566215
v1-69;j4,0.05310739551126187,0.046394070545679705,0.04521787397156688
v1-69;j5,0.012417574720579553,0.013450956083026822,0.008557287571117999
v1-69;j3,0.018089034310929668,0.019321291573497636,0.007627147617735607
v1-69;j1,0.0020122274587498373,0.0017952038027295332,0.0013373904194579245
v1-69;j6,0.0183521948388517,0.017066397131981274,0.008799626737350599
v3-35;j2,0.0,2.0221658659505023e-06,1.5083350595390126e-05
v3-35;j4,5.003051861635598e-06,5.1019402295826786e-06,0.000829584282746457
v3-35;j5,1.0006103723271196e-06,3.3807567548552927e-06,0.00016290018643021336
v3-35;j3,0.0,1.1854763096617187e-06,0.0001327334852394331
v3-35;j1,0.0,2.292474323329556e-06,2.6144474365342883e-05
v3-35;j6,0.0,3.4855747169750514e-07,0.00015284461936661994
v4-39;j2,0.0004963027446742513,0.0005334539174954807,8.748343345326273e-05
v4-39;j4,0.017273536857483066,0.01837801120579268,0.007152524852333998
v4-39;j5,0.004173545862976416,0.005281326863238369,0.0013464404298151585
v4-39;j3,0.0037943145318644375,0.004977349335080097,0.0012700181201318486
v4-39;j1,0.00036021973403776303,0.0004411354934157372,0.00022524470222449254
v4-39;j6,0.002562563163529753,0.002191003333292435,0.0015143683997771687
v4-61;j2,0.000142086672870451,0.0001741582992142776,4.927227861160774e-05
v4-61;j4,0.0033030148390518215,0.0035021818896716368,0.003434981708923511
v4-61;j5,0.0011236854481233552,0.0012367264819404518,0.0006184173744109952
v4-61;j3,0.0012787800558340587,0.00156821672040314,0.0005721617659184654
v4-61;j1,7.804760904151532e-05,8.489913527470149e-05,0.00010055567063593417
v4-61;j6,0.0012857843284403486,0.001084299453581454,0.0007320452822296008
v4-34;j2,0.00034521057845285624,0.00030486743576047025,0.0004977505696478742
v4-34;j4,0.010302284393480023,0.008307873705373189,0.034177866892447666
v4-34;j5,0.0025795735398593143,0.0019452627642502303,0.006641702045503452
v4-34;j3,0.002227358688800168,0.001798696845762326,0.0057055287518829045
v4-34;j1,0.00045827955052582075,0.0003762045612747347,0.0010306956240183252
v4-34;j6,0.002568566825763716,0.001870863732386955,0.006686952097289623
v1-8;j2,0.000477291147600036,0.0004771385203948763,0.0006817674469116337
v1-8;j4,0.025273416784238386,0.020025872774054678,0.04818124958520786
v1-8;j5,0.007285444120913758,0.007346429286572389,0.009391899637396253
v1-8;j3,0.006789141376239506,0.006799890712896094,0.007846358979721944
v1-8;j1,0.0005653448603648225,0.0004510660580929318,0.0014248738529111873
v1-8;j6,0.009219623970622079,0.00883637856113909,0.009693566649304054
v3-13;j2,0.00015009155584906793,9.275540965466046e-05,0.0001830113205574002
v3-13;j4,0.0013017940943975826,0.0009111232116044012,0.014500127705701707
v3-13;j5,0.0001480903351044137,0.00011869289754579823,0.0028205865613379535
v3-13;j3,0.0008355096608931448,0.0007910277641722729,0.0024203749922069354
v3-13;j1,1.3007934840252554e-05,7.076118585539751e-06,0.00041831158984548613
v3-13;j6,0.0006243808723321226,0.0003642279266080375,0.002833658798520625
v3-23;j2,0.0008865407898818279,0.0009199588733330203,0.00031473924909047397
v3-23;j4,0.04953921892354336,0.0566078185459443,0.020235823158775392
v3-23;j5,0.005161148300463283,0.006203232588529089,0.003875415546308903
v3-23;j3,0.010222235563693853,0.010481486461982863,0.003369620523010154
v3-23;j1,0.0016219894135422609,0.0020250367139490405,0.0006133895908791984
v3-23;j6,0.006215791632896066,0.0058121845361021225,0.0038794377731343403
v3-49;j2,3.502136303144918e-05,3.467500605530253e-05,2.6144474365342883e-05
v3-49;j4,0.0039053822831927477,0.004622259981194194,0.0017456464422398173
v3-49;j5,0.00035921912366543594,0.0004310857723814935,0.00036501708440844104
v3-49;j3,0.0007154364162138905,0.0009651552205496951,0.0002966392283760058
v3-49;j1,9.605859574340348e-05,0.00010283132046054485,5.128339202432643e-05
v3-49;j6,0.0007894815837660973,0.000842195426682479,0.0003780893215911125
v4-30-4;j2,0.00019712024334844256,0.00019557442850004494,4.323893837345169e-05
v4-30-4;j4,0.004393680144888382,0.004283189863977256,0.003572742977694741
v4-30-4;j5,0.0010666506569007093,0.0011644811680792278,0.0007280230554041634
v4-30-4;j3,0.0011947287845585808,0.0012150444767451165,0.0006224396012364325
v4-30-4;j1,0.00010506408909434755,7.829431640006296e-05,0.00011463346452496496
v4-30-4;j6,0.0006844174946717497,0.0005543007862837403,0.0007290286121105227
v1-58;j2,0.000142086672870451,0.000139622396721165,5.832228896884182e-05
v1-58;j4,0.0027836980558140468,0.0025923232698978884,0.004756283221079687
v1-58;j5,0.0003532154614314732,0.0003412258953547337,0.0009854455722321548
v1-58;j3,0.001131690331101972,0.001156232668717339,0.0008255620559210195
v1-58;j1,3.302014228679494e-05,2.8996517154023464e-05,0.00014379460900938588
v1-58;j6,0.0009926054893485026,0.000912933194773598,0.0009774011185812801
v5-51;j2,0.0007544602207346481,0.0006335651957418948,0.000282561434486975
v5-51;j4,0.032721960395841465,0.032660317213757284,0.019637516918491586
v5-51;j5,0.006427921031829416,0.006680302437732502,0.003828154381110014
v5-51;j3,0.013700357217902921,0.01522180822879359,0.0032700704090805792
v5-51;j1,0.0008865407898818279,0.0008482831041259582,0.0005560728586167159
v5-51;j6,0.007110337305756512,0.005263909954705642,0.003984015670595712
v4-38-2;j2,6.704089494591701e-05,2.7964235228145876e-05,3.0166701190780253e-06
v4-38-2;j4,0.002546553397572519,0.002679007151678924,0.0004675838684570939
v4-38-2;j5,0.0005313241077057005,0.0005749487927734116,9.452233039777812e-05
v4-38-2;j3,0.0004082490319094648,0.0005348573672112161,6.435562920699787e-05
v4-38-2;j1,4.702868749937462e-05,3.110024134470348e-05,1.9105577420827492e-05
v4-38-2;j6,0.00018711413962517137,7.593985356158828e-05,8.848899015962207e-05
v3-38;j2,0.0,0.0,0.0
v3-38;j4,0.0,0.0,0.0
v3-38;j5,0.0,0.0,0.0
v3-38;j3,0.0,0.0,0.0
v3-38;j1,0.0,0.0,0.0
v3-38;j6,0.0,0.0,0.0
v3-74;j2,6.904211569057125e-05,6.724429290341442e-05,6.335007250063853e-05
v3-74;j4,0.0029267853390568246,0.002765126508906691,0.003998093464484743
v3-74;j5,0.0003902380452075766,0.00038769630629053903,0.0007260119419914447
v3-74;j3,0.0006213790412151412,0.0006251825744391623,0.0006345062817127447
v3-74;j1,5.203173936101022e-05,5.3626434520540945e-05,0.00010658901087409022
v3-74;j6,0.0005853570678113649,0.00036242398176774524,0.0007732731071903338
v3-69-1;j2,0.0,1.4104812054464435e-06,1.0055567063593417e-06
v3-69-1;j4,0.0,7.165056750878776e-07,7.24000828578726e-05
v3-69-1;j5,0.0,9.062165476756287e-07,1.0055567063593416e-05
v3-69-1;j3,0.0,4.033779086148214e-06,1.7094464008108808e-05
v3-69-1;j1,0.0,3.751257488817084e-07,2.0111134127186834e-06
v3-69-1;j6,0.0,6.98369089878647e-07,1.0055567063593416e-05
v3-62;j2,0.0,0.0,0.0
v3-62;j4,0.0,0.0,0.0
v3-62;j5,0.0,0.0,0.0
v3-62;j3,0.0,0.0,0.0
v3-62;j1,0.0,0.0,0.0
v3-62;j6,0.0,0.0,0.0
v1-69-2;j2,0.0,2.6031398705428656e-06,2.0111134127186834e-06
v1-69-2;j4,0.0,1.0603300006386061e-06,8.245564992146602e-05
v1-69-2;j5,0.0,1.968117272320477e-06,1.1061123769952759e-05
v1-69-2;j3,0.0,6.310964634488325e-06,1.2066680476312101e-05
v1-69-2;j1,0.0,2.4965663253434016e-06,7.038896944515392e-06
v1-69-2;j6,0.0,1.0448316231170286e-06,1.2066680476312101e-05
v3-43;j2,2.5015259308177988e-05,1.7407962038064484e-05,1.4077793889030784e-05
v3-43;j4,0.0009775963337635958,0.0008185073702264591,0.0011805235732658672
v3-43;j5,5.7034791222645816e-05,7.684224037685531e-05,0.00021619469186725848
v3-43;j3,0.00013908484175346962,9.01146412271575e-05,0.00020915579492274307
v3-43;j1,4.9029908244028855e-05,4.383127936902995e-05,3.8211154841654984e-05
v3-43;j6,0.00038223316222895965,0.00021164008926241018,0.00021418357845453978
v3-53;j2,0.0001641001010616476,0.00014596535339897793,8.245564992146602e-05
v3-53;j4,0.006267823372257077,0.00599560803534762,0.005650223133033141
v3-53;j5,0.0006403906382893565,0.0006444393499492343,0.0010638789953281835
v3-53;j3,0.0019541920571548646,0.0020088812715237676,0.0009552788710413746
v3-53;j1,0.00016009765957233912,0.00011825910873324242,0.00017898909373196281
v3-53;j6,0.0016249912446592422,0.0013058975049584805,0.0011604124391386803
v3-66;j2,8.405127127547805e-05,6.24331004305578e-05,7.74278663896693e-05
v3-66;j4,0.0048429542020632585,0.0046636983566573555,0.006030323568036972
v3-66;j5,0.000477291147600036,0.0005103022067245085,0.0011312512946542595
v3-66;j3,0.001298792263280601,0.0013016792941438378,0.0010015344795339044
v3-66;j1,0.00012007324467925434,0.00011448823153167849,0.00016993908337472875
v3-66;j6,0.0009645883989233432,0.0005269435096692432,0.0011724791196149925
v4-30-2;j2,0.00013408178989183402,0.00014450863615041623,3.921671154801433e-05
v4-30-2;j4,0.0016500065039674202,0.0014384062884755687,0.002704947540106629
v4-30-2;j5,0.0005423308218012988,0.0005607374080987368,0.0005138394769496237
v4-30-2;j3,0.0006393900279170294,0.0006575522797171544,0.00044646717762354774
v4-30-2;j1,5.10311289886831e-05,3.912372415594471e-05,8.245564992146602e-05
v4-30-2;j6,0.00020912756781636799,8.214794830727016e-05,0.0005047894665923896
v3-21;j2,0.0005033070172805411,0.000510982809271071,0.0002312780424626486
v3-21;j4,0.026433124205765518,0.028717411005348727,0.017187980781800227
v3-21;j5,0.0030908854401184723,0.003387606137890425,0.0034058205644390905
v3-21;j3,0.007884809733937702,0.009286575904980294,0.002838686582052422
v3-21;j1,0.0005783527952050751,0.0005242535880604714,0.0005158505903623423
v3-21;j6,0.005159147079718629,0.00491704636764928,0.0033786705333673883
v3-25;j2,0.0,0.0,0.0
v3-25;j4,0.0,0.0,0.0
v3-25;j5,0.0,0.0,0.0
v3-25;j3,0.0,0.0,0.0
v3-25;j1,0.0,0.0,0.0
v3-25;j6,0.0,0.0,0.0
v3-64d;j2,0.0,0.0,0.0
v3-64d;j4,0.0,0.0,0.0
v3-64d;j5,0.0,0.0,0.0
v3-64d;j3,0.0,0.0,0.0
v3-64d;j1,0.0,0.0,0.0
v3-64d;j6,0.0,0.0,0.0
v3-7;j2,0.00031018921542140705,0.0003607396431992047,0.00021317802174818044
v3-7;j4,0.01622589779765657,0.01808181843333643,0.014997878275349583
v3-7;j5,0.0017640760864127117,0.0019625379733313325,0.0030438201501497273
v3-7;j3,0.004222575771220444,0.004626090412894562,0.0024223861056196544
v3-7;j1,0.00036722400664405285,0.0004139103496455034,0.0004434505075044697
v3-7;j6,0.003683246780536127,0.003918706669974745,0.002955331159990105
v2-26;j2,0.0,2.9721875853625533e-06,1.0055567063593417e-06
v2-26;j4,8.004882978616957e-06,7.069455703988745e-06,7.441119627059128e-05
v2-26;j5,3.001831116981359e-06,3.0510993312529805e-06,1.1061123769952759e-05
v2-26;j3,5.003051861635598e-06,4.477802718198908e-06,1.5083350595390126e-05
v2-26;j1,0.0,0.0,0.0
v2-26;j6,0.0,7.837867466682586e-07,1.4077793889030784e-05
v1-18;j2,0.001113679344400084,0.0011455373911239003,0.0005399839513149665
v1-18;j4,0.05598715216281932,0.05693279070435108,0.03832277163606087
v1-18;j5,0.011511021723251183,0.012962844663987226,0.00751653638003608
v1-18;j3,0.01430172405167152,0.015088495566101402,0.006321935012881181
v1-18;j1,0.0015019161688630065,0.0014074486523318267,0.0011463346452496497
v1-18;j6,0.012127397712604689,0.011635445877465563,0.007606030926902061
v3-73;j2,2.101281781886951e-05,1.378172057355449e-05,1.6088907301749467e-05
v3-73;j4,0.0012877855491850029,0.0012672843096715517,0.0013906849248949695
v3-73;j5,0.00016710193217862898,0.00016316780653671117,0.0002644614137725069
v3-73;j3,0.0002771690731346121,0.00028860661857588334,0.00021518913516089912
v3-73;j1,1.0006103723271195e-05,1.3300667037495141e-05,4.8266721905248404e-05
v3-73;j6,0.0004152533045157546,0.0004178078896757349,0.00025138917658983545
v4-31;j2,0.00014408789361510522,0.00011820419545979316,4.927227861160774e-05
v4-31;j4,0.003131910465383884,0.0030870553495456012,0.002989520088006323
v4-31;j5,0.0007994876874893685,0.0009189317417465024,0.0005922729000456523
v4-31;j3,0.0009215621529132771,0.0010082229502687845,0.0004866894458779214
v4-31;j1,6.904211569057125e-05,5.247872579370242e-05,8.346120662782536e-05
v4-31;j6,0.00043826734307927836,0.000201911181090905,0.000553056188497638
v4-nl1;j2,0.0006353875864277209,0.0005628866743132034,0.00016792796996201008
v4-nl1;j4,0.009147580023814527,0.009303826108275815,0.011998302620279665
v4-nl1;j5,0.002251373337736019,0.00278462931671997,0.0023379193422854694
v4-nl1;j3,0.003168933049159988,0.003460132387963896,0.0019789355981151844
v4-nl1;j1,0.00030418555318744437,0.00019372600130348946,0.00032680592956678607
v4-nl1;j6,0.0016289936861485505,0.000881172816081374,0.0023670804867698906
v1-2;j2,0.0006353875864277209,0.0006165692652925563,0.0008155064888574261
v1-2;j4,0.03540859924553978,0.031104651219181472,0.05345438895335625
v1-2;j5,0.009023504337645963,0.009635097451395784,0.01028181732252427
v1-2;j3,0.011702138304365664,0.011867219199758606,0.008855937912906722
v1-2;j1,0.0008885420106264822,0.0007597888603001867,0.0015877740393414005
v1-2;j6,0.009614865067691292,0.00912946303867251,0.010489967560740653
v1-3;j2,0.0002861745664855562,0.00027538199156309037,0.0005017727964733115
v1-3;j4,0.012329521007814767,0.01141719689641647,0.034687684142571854
v1-3;j5,0.0025145338656580515,0.0027637979818288137,0.0065833797565346104
v1-3;j3,0.002486516775232892,0.002370798909813218,0.005571789709937112
v1-3;j1,0.00039223926595223084,0.0004135620683061797,0.0009995233661211857
v1-3;j6,0.002301403856352375,0.0014806613301632746,0.006742257716139386
v1-46;j2,0.0004862966409509801,0.000417748264137768,0.00019809467115279033
v1-46;j4,0.01901559951570458,0.018268110020412964,0.013140615038703878
v1-46;j5,0.0033630514613914486,0.0034622283274462337,0.002510875095779276
v1-46;j3,0.0049720329400934574,0.0049184906412043546,0.002189096949744287
v1-46;j1,0.0005583405877585327,0.0004920816084544506,0.00038211154841654983
v1-46;j6,0.0037042595983549967,0.003262477186842939,0.0027310920144719723
v7-81;j2,0.0,1.5882407100000072e-06,2.7150031071702227e-05
v7-81;j4,2.0012207446542392e-06,3.3592237483856415e-06,0.0027451698083610027
v7-81;j5,0.0,3.6310747176031086e-06,0.0005027783531796709
v7-81;j3,0.0,1.3105189274056959e-06,0.0004293727136154389
v7-81;j1,0.0,4.805559659177568e-06,7.74278663896693e-05
v7-81;j6,0.0,9.750882767775542e-07,0.0005359617244895292
v3-43d;j2,1.8010986701888152e-05,8.592663389689786e-06,1.2066680476312101e-05
v3-43d;j4,0.0010056134241887551,0.0007663354980998512,0.0008899176851280174
v3-43d;j5,5.10311289886831e-05,4.666866052160801e-05,0.00016893352666836942
v3-43d;j3,9.805981648805771e-05,8.039607517388386e-05,0.000158877959604776
v3-43d;j1,3.1018921542140707e-05,2.36382328426447e-05,2.3127804246264858e-05
v3-43d;j6,0.00038723621409059524,0.00014448302653194474,0.00017898909373196281
v8-51-1;j2,0.0,0.0,0.0
v8-51-1;j4,0.0,0.0,0.0
v8-51-1;j5,0.0,0.0,0.0
v8-51-1;j3,0.0,0.0,0.0
v8-51-1;j1,0.0,0.0,0.0
v8-51-1;j6,0.0,0.0,0.0
v3-11;j2,0.00022913977526291038,0.00028835004879674463,0.00011765013464404299
v3-11;j4,0.010737549905442319,0.011470181882809443,0.0072953139046370245
v3-11;j5,0.0012287495372177027,0.0014538710407930504,0.0014490072138638114
v3-11;j3,0.0027556809653888873,0.0031338239355306837,0.0012247680683456783
v3-11;j1,0.00025315442419876125,0.0002784218520916694,0.00022021691869269583
v3-11;j6,0.0020732646914617915,0.001999102304421658,0.0014550405541019675
v3-19;j2,0.0,6.909396698528904e-07,1.0055567063593417e-06
v3-19;j4,0.0,1.022136552829556e-06,6.536118591335722e-05
v3-19;j5,0.0,2.271657443428206e-06,8.044453650874733e-06
v3-19;j3,0.0,3.7164649022161788e-06,1.1061123769952759e-05
v3-19;j1,0.0,5.690734184602681e-07,4.022226825437367e-06
v3-19;j6,0.0,2.104620320128962e-07,9.050010357234076e-06
v7-4-1;j2,0.0002891763976025376,0.00033831068487852074,0.00025641696012163213
v7-4-1;j4,0.014658941954592301,0.013347416975699782,0.018048737322443824
v7-4-1;j5,0.0031369135172455197,0.003402135257064083,0.00352849848261493
v7-4-1;j3,0.003003832337726013,0.003125741194217154,0.002962370056934621
v7-4-1;j1,0.0004622819920151292,0.0004559729225593432,0.0005138394769496237
v7-4-1;j6,0.0032739971382543353,0.002418932773803471,0.0035496151734484764
v3-47;j2,0.0,4.67866225327193e-06,5.027783531796708e-06
v3-47;j4,3.001831116981359e-06,2.6979438543175447e-06,0.0005550673019103566
v3-47;j5,1.0006103723271196e-06,3.5553284694420037e-06,0.00010960568099316825
v3-47;j3,0.0,9.996520100633252e-07,9.854455722321548e-05
v3-47;j1,0.0,3.596369866219206e-06,2.1116690833546177e-05
v3-47;j6,0.0,3.837955561781032e-07,0.00010658901087409022
v3-38-3;j2,0.0,1.1318981654926055e-06,0.00011161679440588693
v3-38-3;j4,9.005493350944076e-06,7.391482152438417e-06,0.0074662585447181126
v3-38-3;j5,2.0012207446542392e-06,4.343354441197482e-06,0.0014510183272765302
v3-38-3;j3,4.0024414893084784e-06,2.6757354208003943e-06,0.0013042070481480662
v3-38-3;j1,2.0012207446542392e-06,3.9580994372029675e-06,0.00023731138270080465
v3-38-3;j6,2.0012207446542392e-06,1.3221550129020305e-06,0.0015415184308488709
v2-70d;j2,0.0,0.0,0.0
v2-70d;j4,0.0,0.0,0.0
v2-70d;j5,0.0,0.0,0.0
v2-70d;j3,0.0,0.0,0.0
v2-70d;j1,0.0,0.0,0.0
v2-70d;j6,0.0,0.0,0.0
v4-59;j2,0.0012907873803019842,0.001305752679783657,0.0005279172708386544
v4-59;j4,0.021518126056894706,0.02167451937243371,0.038416288409752294
v4-59;j5,0.0061027226608231025,0.00736229280539478,0.007372741771026693
v4-59;j3,0.008132961106274827,0.00913566295799445,0.0063340016933574935
v4-59;j1,0.000602367444140926,0.0004924962877320028,0.0011191846141779473
v4-59;j6,0.006221795295130029,0.005580715829742522,0.007688486576823527
v3-nl1;j2,0.0,0.0,0.0
v3-nl1;j4,0.0,0.0,0.0
v3-nl1;j5,0.0,0.0,0.0
v3-nl1;j3,0.0,0.0,0.0
v3-nl1;j1,0.0,0.0,0.0
v3-nl1;j6,0.0,0.0,0.0
v3-20;j2,4.9029908244028855e-05,3.159505279877664e-05,3.2177814603498934e-05
v3-20;j4,0.0008435145438717618,0.0005688800117474453,0.001941729999979889
v3-20;j5,0.00024314832047549006,0.0002461928990764554,0.00037406709476567513
v3-20;j3,0.0006213790412151412,0.0006575603308223605,0.00031172257897139595
v3-20;j1,3.001831116981359e-06,2.8507478001987028e-06,4.927227861160774e-05
v3-20;j6,0.0004812935890893445,0.00033267815535611435,0.0003831171051229092
v4-28;j2,3.001831116981359e-06,2.615294227437055e-06,1.0055567063593417e-06
v4-28;j4,2.301403856352375e-05,1.5663636815808818e-05,0.00014982794924754193
v4-28;j5,4.0024414893084784e-06,3.1846050443521858e-06,3.0166701190780253e-05
v4-28;j3,5.003051861635598e-06,5.652547396715216e-06,2.7150031071702227e-05
v4-28;j1,0.0,2.384379391236169e-06,4.022226825437367e-06
v4-28;j6,2.0012207446542392e-06,1.009793960651655e-06,2.8155587778061568e-05
v3-16;j2,0.0,0.0,0.0
v3-16;j4,0.0,0.0,0.0
v3-16;j5,0.0,0.0,0.0
v3-16;j3,0.0,0.0,0.0
v3-16;j1,0.0,0.0,0.0
v3-16;j6,0.0,0.0,0.0
v2-70;j2,1.4008545212579674e-05,1.3197234015319053e-05,8.044453650874733e-06
v2-70;j4,0.0008295059986591821,0.0008709093618836319,0.0005259061574259357
v2-70;j5,8.20500505308238e-05,0.00011893486877682074,9.854455722321548e-05
v2-70;j3,0.00018411230850819,0.00017013744703592754,9.050010357234076e-05
v2-70;j1,6.003662233962718e-06,4.868639476473659e-06,1.7094464008108808e-05
v2-70;j6,0.00017210498404026457,0.00016354895532905237,9.955011392957483e-05
v3-33;j2,5.303234973333734e-05,4.1249861202735004e-05,7.541675297695063e-05
v3-33;j4,0.0036862486116531084,0.003655068020465147,0.004391266136671245
v3-33;j5,0.0003111898257937342,0.0003834624668599081,0.0008245564992146602
v3-33;j3,0.0007804760904151532,0.0007924665913914725,0.000673722993260759
v3-33;j1,9.605859574340348e-05,0.00013728078013143817,0.0001397723821839485
v3-33;j6,0.0008064919600956584,0.0006205069661299332,0.0008507009735800031
v3-30;j2,0.0002001220744654239,0.00020904666251750465,0.00023731138270080465
v3-30;j4,0.014157636158056415,0.01458100693648974,0.017198036348863823
v3-30;j5,0.001020622579773662,0.0012375194684438018,0.0032730870791996573
v3-30;j3,0.002460500905552387,0.0026361318907337007,0.0028849421905449515
v3-30;j1,0.0004712874853660733,0.0004387436521373575,0.0005057950232987489
v3-30;j6,0.002870751158206506,0.0019047867326563992,0.0033967705540818563
